bin_id,timestamp,day_of_week,hour,previous_waste_level,temperature,rainfall,collection_history_hours,waste_type,waste_level
BIN-121,2026-09-03T17:00:00,3,17,40,19.6,0.5,48,ORGANIC,98
BIN-119,2026-09-10T08:00:00,3,8,16,13.9,0.0,2,ORGANIC,17
BIN-101,2026-09-13T07:00:00,6,7,74,12.6,0.0,46,RECYCLABLE,100
BIN-125,2026-09-18T12:00:00,4,12,59,21.3,4.3,45,RECYCLABLE,100
BIN-111,2026-09-03T12:00:00,3,12,17,21.4,0.0,25,ORGANIC,66
BIN-115,2026-09-12T18:00:00,5,18,15,19.2,0.0,25,ORGANIC,64
BIN-120,2026-09-20T05:00:00,6,5,29,10.2,1.0,37,GENERAL,41
BIN-108,2026-09-19T19:00:00,5,19,40,16.9,0.0,25,ORGANIC,89
BIN-106,2026-09-09T05:00:00,2,5,39,10.2,0.0,14,GENERAL,45
BIN-118,2026-09-16T21:00:00,2,21,64,12.4,0.0,11,RECYCLABLE,79
BIN-121,2026-09-16T00:00:00,2,0,46,9.4,0.0,15,ELECTRONIC,58
BIN-111,2026-09-09T21:00:00,2,21,32,14.6,0.0,5,GENERAL,41
BIN-123,2026-09-08T01:00:00,1,1,68,6.9,0.0,42,RECYCLABLE,77
BIN-108,2026-09-17T05:00:00,3,5,38,10.3,0.0,35,ELECTRONIC,47
BIN-119,2026-09-09T20:00:00,2,20,22,15.0,0.2,15,GENERAL,50
BIN-122,2026-09-10T08:00:00,3,8,54,14.5,0.0,5,ELECTRONIC,59
BIN-117,2026-09-06T16:00:00,6,16,19,22.7,0.0,1,ELECTRONIC,20
BIN-104,2026-09-07T14:00:00,0,14,63,21.0,0.0,11,HAZARDOUS,79
BIN-124,2026-09-06T22:00:00,6,22,69,12.7,0.0,12,ELECTRONIC,78
BIN-120,2026-09-05T13:00:00,5,13,25,22.9,0.0,24,RECYCLABLE,58
BIN-117,2026-09-20T22:00:00,6,22,46,11.0,1.6,39,ORGANIC,97
BIN-108,2026-09-02T13:00:00,2,13,15,21.1,0.0,37,RECYCLABLE,63
BIN-103,2026-09-22T04:00:00,1,4,21,8.7,0.0,9,ELECTRONIC,24
BIN-120,2026-09-10T08:00:00,3,8,30,15.9,0.0,35,RECYCLABLE,60
BIN-122,2026-09-15T04:00:00,1,4,71,7.9,0.0,29,GENERAL,81
BIN-118,2026-09-06T05:00:00,6,5,5,7.6,0.0,15,ELECTRONIC,9
BIN-108,2026-09-02T18:00:00,2,18,14,19.1,0.0,22,ORGANIC,55
BIN-124,2026-09-21T06:00:00,0,6,65,10.0,0.0,37,ELECTRONIC,74
BIN-114,2026-09-05T09:00:00,5,9,60,16.5,0.0,7,ORGANIC,69
BIN-121,2026-09-15T02:00:00,1,2,56,7.9,0.0,4,ORGANIC,57
BIN-104,2026-09-06T15:00:00,6,15,73,22.5,0.0,13,RECYCLABLE,83
BIN-103,2026-09-10T18:00:00,3,18,11,19.6,0.0,7,ELECTRONIC,21
BIN-101,2026-09-22T00:00:00,1,0,26,7.7,0.0,16,ORGANIC,48
BIN-106,2026-09-09T10:00:00,2,10,38,20.7,0.0,25,ORGANIC,66
BIN-110,2026-09-10T08:00:00,3,8,67,13.6,0.0,43,ELECTRONIC,100
BIN-118,2026-09-02T15:00:00,2,15,11,23.1,0.0,4,GENERAL,15
BIN-117,2026-09-04T16:00:00,4,16,15,23.3,0.3,33,ORGANIC,56
BIN-119,2026-09-06T14:00:00,6,14,10,23.5,0.0,39,ELECTRONIC,59
BIN-119,2026-09-13T09:00:00,6,9,38,15.9,0.0,21,ELECTRONIC,55
BIN-122,2026-09-15T02:00:00,1,2,45,8.7,0.0,30,GENERAL,56
BIN-101,2026-09-11T02:00:00,4,2,17,5.3,0.0,37,ELECTRONIC,26
BIN-103,2026-09-20T02:00:00,6,2,41,5.6,0.0,24,RECYCLABLE,50
BIN-123,2026-09-07T18:00:00,0,18,72,17.0,0.0,42,ELECTRONIC,100
BIN-105,2026-09-06T23:00:00,6,23,75,8.0,0.0,7,ORGANIC,86
BIN-107,2026-09-16T15:00:00,2,15,38,22.7,0.0,14,GENERAL,54
BIN-121,2026-09-10T08:00:00,3,8,5,14.3,4.4,3,GENERAL,10
BIN-106,2026-09-17T03:00:00,3,3,59,7.5,4.3,36,HAZARDOUS,69
BIN-102,2026-09-19T03:00:00,5,3,75,5.9,1.4,38,GENERAL,87
BIN-102,2026-09-20T12:00:00,6,12,36,22.6,0.0,14,GENERAL,57
BIN-120,2026-09-17T07:00:00,3,7,25,14.8,0.0,16,RECYCLABLE,37
BIN-114,2026-09-01T20:00:00,1,20,47,16.1,0.0,48,RECYCLABLE,100
BIN-108,2026-09-07T00:00:00,0,0,18,7.6,2.1,45,RECYCLABLE,53
BIN-107,2026-09-18T18:00:00,4,18,44,20.3,0.0,23,HAZARDOUS,74
BIN-113,2026-09-08T08:00:00,1,8,40,14.4,0.0,5,GENERAL,48
BIN-122,2026-09-19T07:00:00,5,7,8,11.4,0.0,22,ELECTRONIC,27
BIN-109,2026-09-02T03:00:00,2,3,60,6.7,0.0,39,ORGANIC,78
BIN-114,2026-09-14T06:00:00,0,6,54,12.6,0.2,8,ELECTRONIC,54
BIN-118,2026-09-15T23:00:00,1,23,60,7.6,0.0,24,RECYCLABLE,80
BIN-111,2026-09-14T15:00:00,0,15,20,23.6,0.0,43,GENERAL,66
BIN-113,2026-09-16T04:00:00,2,4,21,6.8,0.0,36,GENERAL,34
BIN-113,2026-09-15T18:00:00,1,18,43,18.6,0.0,40,RECYCLABLE,94
BIN-119,2026-09-14T06:00:00,0,6,61,10.8,0.0,30,GENERAL,72
BIN-116,2026-09-18T06:00:00,4,6,15,10.1,0.0,43,RECYCLABLE,25
BIN-125,2026-09-06T08:00:00,6,8,30,13.6,4.4,15,GENERAL,48
BIN-120,2026-09-19T11:00:00,5,11,58,22.2,0.0,30,ORGANIC,100
BIN-113,2026-09-06T12:00:00,6,12,5,23.5,0.0,42,RECYCLABLE,58
BIN-104,2026-09-17T22:00:00,3,22,27,12.2,0.0,15,HAZARDOUS,37
BIN-104,2026-09-11T01:00:00,4,1,72,9.2,0.0,30,RECYCLABLE,80
BIN-125,2026-09-20T08:00:00,6,8,69,14.7,0.0,40,HAZARDOUS,100
BIN-116,2026-09-10T22:00:00,3,22,40,12.1,0.0,16,GENERAL,58
BIN-121,2026-09-06T10:00:00,6,10,14,19.9,0.0,29,GENERAL,44
BIN-103,2026-09-04T06:00:00,4,6,54,11.8,0.0,15,RECYCLABLE,60
BIN-103,2026-09-10T04:00:00,3,4,74,7.9,3.7,22,HAZARDOUS,79
BIN-123,2026-09-01T18:00:00,1,18,66,17.0,0.0,25,ELECTRONIC,100
BIN-125,2026-09-09T15:00:00,2,15,74,23.9,0.0,35,HAZARDOUS,100
BIN-116,2026-09-01T22:00:00,1,22,56,11.9,0.0,22,HAZARDOUS,74
BIN-105,2026-09-14T14:00:00,0,14,55,23.4,0.0,2,ELECTRONIC,59
BIN-115,2026-09-05T05:00:00,5,5,53,8.7,0.0,17,ORGANIC,60
BIN-111,2026-09-17T13:00:00,3,13,58,21.7,0.1,18,HAZARDOUS,75
BIN-112,2026-09-06T02:00:00,6,2,10,8.0,0.0,42,ORGANIC,24
BIN-107,2026-09-19T05:00:00,5,5,24,8.3,0.0,40,ORGANIC,41
BIN-115,2026-09-16T06:00:00,2,6,26,11.4,0.0,24,GENERAL,36
BIN-123,2026-09-03T18:00:00,3,18,18,19.3,0.0,20,RECYCLABLE,41
BIN-113,2026-09-09T19:00:00,2,19,36,15.5,0.0,5,RECYCLABLE,41
BIN-122,2026-09-14T03:00:00,0,3,10,6.7,0.0,37,ORGANIC,22
BIN-111,2026-09-01T14:00:00,1,14,18,22.7,0.0,32,HAZARDOUS,61
BIN-115,2026-09-16T10:00:00,2,10,27,19.9,0.0,28,RECYCLABLE,49
BIN-118,2026-09-17T20:00:00,3,20,60,16.3,0.0,30,HAZARDOUS,100
BIN-111,2026-09-19T12:00:00,5,12,40,23.5,0.0,6,RECYCLABLE,46
BIN-113,2026-09-08T12:00:00,1,12,46,20.7,0.0,32,ORGANIC,100
BIN-109,2026-09-08T14:00:00,1,14,40,23.2,0.0,39,GENERAL,100
BIN-114,2026-09-11T18:00:00,4,18,65,19.6,0.0,16,ELECTRONIC,87
BIN-101,2026-09-03T07:00:00,3,7,56,13.7,0.0,15,GENERAL,71
BIN-117,2026-09-08T16:00:00,1,16,75,21.3,0.0,48,HAZARDOUS,100
BIN-109,2026-09-07T20:00:00,0,20,20,15.9,0.0,15,GENERAL,46
BIN-123,2026-09-05T06:00:00,5,6,66,10.1,0.0,14,RECYCLABLE,66
BIN-125,2026-09-12T12:00:00,5,12,17,23.3,0.0,19,ELECTRONIC,41
BIN-123,2026-09-12T17:00:00,5,17,10,22.6,0.0,18,RECYCLABLE,26
BIN-123,2026-09-21T11:00:00,0,11,67,19.1,1.3,41,RECYCLABLE,100
BIN-102,2026-09-06T17:00:00,6,17,13,20.3,2.8,8,HAZARDOUS,21
BIN-102,2026-09-04T13:00:00,4,13,43,21.1,0.0,37,RECYCLABLE,89
BIN-120,2026-09-18T04:00:00,4,4,71,7.6,0.0,15,ELECTRONIC,74
BIN-110,2026-09-19T16:00:00,5,16,44,22.2,4.3,28,ELECTRONIC,70
BIN-121,2026-09-05T20:00:00,5,20,15,13.6,0.3,43,GENERAL,91
BIN-101,2026-09-10T01:00:00,3,1,65,6.4,0.0,45,HAZARDOUS,75
BIN-115,2026-09-02T20:00:00,2,20,30,14.7,0.0,17,RECYCLABLE,50
BIN-121,2026-09-04T12:00:00,4,12,14,20.2,0.0,10,GENERAL,29
BIN-110,2026-09-10T16:00:00,3,16,43,22.7,0.0,30,ORGANIC,78
BIN-117,2026-09-12T20:00:00,5,20,15,15.4,0.0,29,HAZARDOUS,52
BIN-101,2026-09-03T06:00:00,3,6,7,13.0,0.0,44,RECYCLABLE,16
BIN-109,2026-09-13T15:00:00,6,15,65,22.8,0.0,12,ORGANIC,79
BIN-114,2026-09-14T21:00:00,0,21,65,12.3,0.0,6,HAZARDOUS,78
BIN-122,2026-09-03T13:00:00,3,13,57,23.5,0.0,22,RECYCLABLE,88
BIN-118,2026-09-02T02:00:00,2,2,45,6.0,3.5,6,HAZARDOUS,47
BIN-117,2026-09-18T22:00:00,4,22,74,10.8,2.3,43,ORGANIC,100
BIN-115,2026-09-17T13:00:00,3,13,39,22.9,0.0,14,ORGANIC,65
BIN-115,2026-09-20T02:00:00,6,2,8,8.9,0.0,8,HAZARDOUS,10
BIN-118,2026-09-01T15:00:00,1,15,16,21.6,0.0,27,ELECTRONIC,39
BIN-104,2026-09-11T04:00:00,4,4,24,8.1,0.0,42,ORGANIC,38
BIN-116,2026-09-11T09:00:00,4,9,75,15.6,2.7,30,RECYCLABLE,100
BIN-124,2026-09-20T02:00:00,6,2,40,8.1,0.0,5,RECYCLABLE,40
BIN-109,2026-09-18T20:00:00,4,20,43,16.3,0.0,19,ORGANIC,82
BIN-122,2026-09-11T18:00:00,4,18,73,18.9,0.0,29,RECYCLABLE,100
BIN-111,2026-09-19T21:00:00,5,21,35,13.2,0.0,45,RECYCLABLE,92
BIN-125,2026-09-10T02:00:00,3,2,65,7.8,0.0,21,ORGANIC,71
BIN-121,2026-09-04T13:00:00,4,13,21,22.7,0.0,3,HAZARDOUS,26
BIN-104,2026-09-19T23:00:00,5,23,72,11.0,0.6,7,HAZARDOUS,81
BIN-103,2026-09-11T08:00:00,4,8,55,15.6,0.0,22,GENERAL,76
BIN-122,2026-09-19T15:00:00,5,15,45,23.2,0.0,25,ELECTRONIC,63
BIN-120,2026-09-02T19:00:00,2,19,41,19.1,0.0,41,RECYCLABLE,94
BIN-114,2026-09-22T04:00:00,1,4,17,7.8,0.0,41,ORGANIC,32
BIN-102,2026-09-07T14:00:00,0,14,60,21.6,0.0,24,GENERAL,100
BIN-119,2026-09-15T21:00:00,1,21,27,11.2,0.0,11,RECYCLABLE,40
BIN-119,2026-09-04T09:00:00,4,9,37,16.9,0.0,30,RECYCLABLE,61
BIN-115,2026-09-20T13:00:00,6,13,74,21.4,0.0,44,GENERAL,100
BIN-121,2026-09-21T20:00:00,0,20,37,14.8,0.0,45,HAZARDOUS,97
BIN-113,2026-09-19T12:00:00,5,12,35,21.5,0.0,7,HAZARDOUS,43
BIN-101,2026-09-22T04:00:00,1,4,6,8.3,0.0,18,HAZARDOUS,13
BIN-124,2026-09-22T02:00:00,1,2,68,8.3,0.0,39,ORGANIC,82
BIN-112,2026-09-06T00:00:00,6,0,37,8.8,0.0,40,RECYCLABLE,68
BIN-122,2026-09-15T20:00:00,1,20,17,16.6,0.0,41,RECYCLABLE,70
BIN-119,2026-09-09T02:00:00,2,2,42,6.3,0.0,6,RECYCLABLE,45
BIN-107,2026-09-04T03:00:00,4,3,72,7.3,0.0,24,ELECTRONIC,80
BIN-116,2026-09-21T23:00:00,0,23,48,10.6,0.0,48,GENERAL,100
BIN-103,2026-09-04T08:00:00,4,8,55,16.9,0.0,44,RECYCLABLE,89
BIN-101,2026-09-06T23:00:00,6,23,63,8.8,0.0,8,ELECTRONIC,71
BIN-109,2026-09-13T19:00:00,6,19,52,15.5,0.0,41,HAZARDOUS,100
BIN-118,2026-09-08T07:00:00,1,7,13,13.5,0.0,15,ELECTRONIC,26
BIN-123,2026-09-07T18:00:00,0,18,22,17.2,4.5,8,HAZARDOUS,35
BIN-118,2026-09-04T05:00:00,4,5,52,10.0,0.0,30,HAZARDOUS,60
BIN-118,2026-09-10T06:00:00,3,6,24,12.5,0.0,48,ELECTRONIC,37
BIN-109,2026-09-02T00:00:00,2,0,61,7.9,0.0,14,GENERAL,74
BIN-112,2026-09-03T10:00:00,3,10,50,17.2,0.0,35,GENERAL,91
BIN-115,2026-09-03T06:00:00,3,6,7,9.2,0.0,42,RECYCLABLE,16
BIN-105,2026-09-18T02:00:00,4,2,13,8.3,0.0,14,ELECTRONIC,14
BIN-108,2026-09-08T08:00:00,1,8,5,14.1,0.0,39,RECYCLABLE,35
BIN-105,2026-09-12T20:00:00,5,20,19,15.6,0.1,12,GENERAL,40
BIN-111,2026-09-01T16:00:00,1,16,11,20.4,0.0,17,RECYCLABLE,24
BIN-104,2026-09-17T05:00:00,3,5,62,10.5,0.0,31,ORGANIC,75
BIN-120,2026-09-02T06:00:00,2,6,63,11.6,4.5,20,ELECTRONIC,71
BIN-113,2026-09-10T10:00:00,3,10,61,17.3,2.7,32,ORGANIC,100
BIN-121,2026-09-13T19:00:00,6,19,46,16.6,0.0,46,ELECTRONIC,100
BIN-110,2026-09-11T00:00:00,4,0,60,6.5,0.0,39,ELECTRONIC,93
BIN-125,2026-09-13T02:00:00,6,2,62,8.6,0.0,28,RECYCLABLE,67
BIN-115,2026-09-09T20:00:00,2,20,17,14.3,0.0,47,HAZARDOUS,78
BIN-122,2026-09-21T00:00:00,0,0,16,9.4,0.4,5,HAZARDOUS,24
BIN-124,2026-09-09T06:00:00,2,6,12,11.3,0.0,36,RECYCLABLE,20
BIN-112,2026-09-19T23:00:00,5,23,11,11.2,0.0,47,HAZARDOUS,50
BIN-112,2026-09-03T13:00:00,3,13,32,21.3,0.0,33,ELECTRONIC,76
BIN-118,2026-09-09T04:00:00,2,4,33,9.3,0.0,18,ORGANIC,38
BIN-125,2026-09-18T19:00:00,4,19,8,17.5,0.0,40,ELECTRONIC,60
BIN-109,2026-09-16T07:00:00,2,7,49,11.0,0.0,22,GENERAL,72
BIN-119,2026-09-15T08:00:00,1,8,23,16.0,0.0,5,HAZARDOUS,29
BIN-113,2026-09-10T06:00:00,3,6,25,10.5,0.0,22,HAZARDOUS,31
BIN-125,2026-09-21T10:00:00,0,10,15,20.5,3.4,39,ELECTRONIC,49
BIN-115,2026-09-15T10:00:00,1,10,61,18.7,0.0,32,HAZARDOUS,87
BIN-117,2026-09-03T18:00:00,3,18,19,18.1,0.0,28,GENERAL,65
BIN-102,2026-09-06T00:00:00,6,0,12,6.1,0.0,39,HAZARDOUS,44
BIN-107,2026-09-17T16:00:00,3,16,42,21.2,3.4,17,RECYCLABLE,58
BIN-123,2026-09-06T05:00:00,6,5,50,7.6,0.0,36,ELECTRONIC,60
BIN-102,2026-09-10T15:00:00,3,15,14,24.2,0.0,30,ORGANIC,48
BIN-114,2026-09-07T12:00:00,0,12,7,23.8,4.3,26,ORGANIC,58
BIN-115,2026-09-19T01:00:00,5,1,60,8.7,0.0,6,GENERAL,60
BIN-113,2026-09-19T21:00:00,5,21,48,11.8,0.0,48,GENERAL,100
BIN-103,2026-09-12T05:00:00,5,5,70,8.1,0.0,34,ORGANIC,80
BIN-121,2026-09-18T17:00:00,4,17,18,19.2,2.7,16,RECYCLABLE,35
BIN-125,2026-09-17T12:00:00,3,12,68,21.8,0.0,12,ORGANIC,89
BIN-119,2026-09-15T01:00:00,1,1,45,5.9,2.0,21,ELECTRONIC,50
BIN-110,2026-09-18T07:00:00,4,7,12,12.3,2.1,38,GENERAL,55
BIN-110,2026-09-02T23:00:00,2,23,69,8.9,0.0,40,ORGANIC,100
BIN-124,2026-09-20T10:00:00,6,10,29,18.3,0.0,29,ORGANIC,65
BIN-104,2026-09-18T15:00:00,4,15,15,22.7,1.1,46,GENERAL,66
BIN-115,2026-09-10T16:00:00,3,16,25,21.4,0.0,34,ELECTRONIC,51
BIN-122,2026-09-14T02:00:00,0,2,47,5.3,3.1,41,ORGANIC,65
BIN-110,2026-09-06T17:00:00,6,17,47,19.0,0.0,10,ELECTRONIC,56
BIN-121,2026-09-16T05:00:00,2,5,15,8.6,0.0,9,HAZARDOUS,17
BIN-111,2026-09-18T16:00:00,4,16,72,20.3,0.0,43,RECYCLABLE,100
BIN-110,2026-09-05T04:00:00,5,4,67,6.8,0.0,22,RECYCLABLE,72
BIN-105,2026-09-02T23:00:00,2,23,69,10.4,0.0,7,GENERAL,77
BIN-111,2026-09-20T00:00:00,6,0,53,6.7,3.1,9,ELECTRONIC,61
BIN-120,2026-09-18T14:00:00,4,14,61,21.2,0.0,47,RECYCLABLE,100
BIN-120,2026-09-07T09:00:00,0,9,73,16.0,0.0,15,HAZARDOUS,81
BIN-116,2026-09-20T14:00:00,6,14,61,22.8,0.0,24,RECYCLABLE,91
BIN-106,2026-09-18T18:00:00,4,18,22,20.5,2.2,39,RECYCLABLE,75
BIN-112,2026-09-13T03:00:00,6,3,71,8.7,0.0,46,ORGANIC,88
BIN-117,2026-09-04T11:00:00,4,11,33,21.9,0.0,6,HAZARDOUS,40
BIN-101,2026-09-10T04:00:00,3,4,69,7.6,0.0,26,ORGANIC,79
BIN-111,2026-09-21T04:00:00,0,4,47,9.2,1.3,46,ORGANIC,65
BIN-116,2026-09-16T04:00:00,2,4,65,7.9,0.4,46,RECYCLABLE,76
BIN-118,2026-09-21T09:00:00,0,9,59,15.5,0.0,34,ELECTRONIC,89
BIN-110,2026-09-03T22:00:00,3,22,58,11.6,0.0,16,ORGANIC,80
BIN-116,2026-09-14T01:00:00,0,1,70,7.6,0.0,2,ELECTRONIC,72
BIN-110,2026-09-10T11:00:00,3,11,50,19.6,0.0,40,ORGANIC,100
BIN-112,2026-09-02T18:00:00,2,18,69,20.1,0.0,35,ELECTRONIC,100
BIN-101,2026-09-09T15:00:00,2,15,54,24.7,0.0,3,HAZARDOUS,59
BIN-112,2026-09-06T11:00:00,6,11,47,19.2,0.0,38,ORGANIC,100
BIN-111,2026-09-18T16:00:00,4,16,64,23.9,0.0,44,RECYCLABLE,100
BIN-123,2026-09-17T21:00:00,3,21,42,11.7,0.0,3,HAZARDOUS,47
BIN-102,2026-09-08T01:00:00,1,1,55,9.2,0.0,33,GENERAL,66
BIN-107,2026-09-07T10:00:00,0,10,47,18.1,0.0,4,GENERAL,54
BIN-114,2026-09-20T07:00:00,6,7,61,14.5,0.0,48,HAZARDOUS,100
BIN-116,2026-09-09T04:00:00,2,4,15,9.0,2.7,18,ELECTRONIC,20
BIN-106,2026-09-12T23:00:00,5,23,18,7.7,0.0,21,GENERAL,40
BIN-114,2026-09-04T21:00:00,4,21,62,11.1,0.0,23,HAZARDOUS,94
BIN-112,2026-09-14T10:00:00,0,10,12,17.3,0.0,18,HAZARDOUS,25
BIN-122,2026-09-04T17:00:00,4,17,61,18.8,3.5,10,ORGANIC,77
BIN-112,2026-09-09T01:00:00,2,1,9,7.7,0.0,37,HAZARDOUS,19
BIN-125,2026-09-02T23:00:00,2,23,72,8.8,0.0,9,ELECTRONIC,79
BIN-109,2026-09-06T15:00:00,6,15,28,22.7,0.0,2,ORGANIC,29
BIN-109,2026-09-16T08:00:00,2,8,41,15.8,0.0,14,HAZARDOUS,52
BIN-107,2026-09-03T22:00:00,3,22,62,9.7,0.0,5,RECYCLABLE,69
BIN-111,2026-09-15T13:00:00,1,13,13,22.9,0.0,46,GENERAL,92
BIN-110,2026-09-19T11:00:00,5,11,27,21.8,0.0,46,RECYCLABLE,87
BIN-105,2026-09-06T09:00:00,6,9,51,17.3,0.0,2,HAZARDOUS,53
BIN-118,2026-09-04T02:00:00,4,2,13,6.2,0.0,6,ELECTRONIC,14
BIN-125,2026-09-10T01:00:00,3,1,21,9.2,0.0,5,ELECTRONIC,20
BIN-115,2026-09-11T06:00:00,4,6,21,12.5,0.0,23,ELECTRONIC,26
BIN-105,2026-09-10T13:00:00,3,13,20,22.8,0.0,4,ELECTRONIC,24
BIN-106,2026-09-08T05:00:00,1,5,71,10.9,0.0,23,RECYCLABLE,77
BIN-118,2026-09-07T04:00:00,0,4,43,8.5,2.9,41,RECYCLABLE,56
BIN-119,2026-09-21T10:00:00,0,10,26,19.6,0.0,10,ELECTRONIC,32
BIN-119,2026-09-02T05:00:00,2,5,10,11.1,0.0,6,ORGANIC,10
BIN-109,2026-09-15T05:00:00,1,5,58,9.8,4.0,37,RECYCLABLE,67
BIN-110,2026-09-11T15:00:00,4,15,56,21.9,0.3,44,RECYCLABLE,91
BIN-115,2026-09-10T04:00:00,3,4,31,7.4,3.9,30,HAZARDOUS,38
BIN-112,2026-09-22T03:00:00,1,3,52,7.3,1.1,9,HAZARDOUS,59
BIN-104,2026-09-07T00:00:00,0,0,23,6.5,0.0,16,HAZARDOUS,34
BIN-108,2026-09-21T20:00:00,0,20,45,13.8,4.5,21,RECYCLABLE,75
BIN-115,2026-09-11T23:00:00,4,23,7,7.7,0.0,32,GENERAL,40
BIN-119,2026-09-08T20:00:00,1,20,41,15.0,0.0,4,ORGANIC,49
BIN-121,2026-09-15T16:00:00,1,16,73,20.0,0.6,19,HAZARDOUS,89
BIN-113,2026-09-09T03:00:00,2,3,11,7.6,2.5,26,ORGANIC,23
BIN-103,2026-09-09T13:00:00,2,13,75,21.8,0.0,29,ELECTRONIC,100
BIN-104,2026-09-09T17:00:00,2,17,51,21.7,2.3,22,GENERAL,75
BIN-117,2026-09-02T04:00:00,2,4,22,8.9,0.0,3,ORGANIC,22
BIN-117,2026-09-04T07:00:00,4,7,45,11.6,0.0,40,GENERAL,88
BIN-124,2026-09-19T07:00:00,5,7,48,13.0,0.0,38,GENERAL,87
BIN-116,2026-09-18T17:00:00,4,17,47,21.4,0.0,24,ORGANIC,76
BIN-119,2026-09-07T21:00:00,0,21,65,12.0,0.0,39,ORGANIC,100
BIN-108,2026-09-16T17:00:00,2,17,66,19.3,0.0,38,ORGANIC,100
BIN-120,2026-09-17T20:00:00,3,20,36,13.1,0.0,10,HAZARDOUS,49
BIN-111,2026-09-10T06:00:00,3,6,31,10.6,0.0,27,RECYCLABLE,38
BIN-116,2026-09-19T22:00:00,5,22,22,11.1,0.0,46,ORGANIC,80
BIN-113,2026-09-08T00:00:00,1,0,73,7.4,0.0,30,RECYCLABLE,97
BIN-125,2026-09-19T20:00:00,5,20,66,13.8,0.0,40,GENERAL,100
BIN-110,2026-09-17T18:00:00,3,18,31,19.8,0.0,46,GENERAL,100
BIN-116,2026-09-08T18:00:00,1,18,40,18.2,0.0,47,ELECTRONIC,98
BIN-113,2026-09-18T19:00:00,4,19,42,15.2,0.0,10,GENERAL,58
BIN-103,2026-09-08T17:00:00,1,17,37,21.6,0.0,42,HAZARDOUS,72
BIN-118,2026-09-16T04:00:00,2,4,18,8.5,0.0,9,GENERAL,20
BIN-108,2026-09-02T09:00:00,2,9,34,15.3,0.0,15,ELECTRONIC,46
BIN-125,2026-09-04T06:00:00,4,6,25,10.6,0.0,36,ORGANIC,37
BIN-116,2026-09-11T12:00:00,4,12,46,21.1,3.5,19,RECYCLABLE,71
BIN-124,2026-09-16T18:00:00,2,18,58,20.5,4.1,12,ORGANIC,82
BIN-113,2026-09-18T03:00:00,4,3,42,8.8,2.6,12,HAZARDOUS,49
BIN-110,2026-09-11T00:00:00,4,0,68,9.6,2.3,34,ELECTRONIC,99
BIN-109,2026-09-05T10:00:00,5,10,25,19.9,0.0,22,ORGANIC,52
BIN-111,2026-09-18T04:00:00,4,4,29,6.8,0.0,37,GENERAL,41
BIN-113,2026-09-18T23:00:00,4,23,46,7.7,0.0,33,HAZARDOUS,73
BIN-111,2026-09-21T07:00:00,0,7,38,12.5,0.0,1,RECYCLABLE,40
BIN-109,2026-09-21T16:00:00,0,16,6,21.0,0.0,20,GENERAL,28
BIN-115,2026-09-07T21:00:00,0,21,69,14.6,0.0,26,RECYCLABLE,100
BIN-125,2026-09-07T23:00:00,0,23,42,8.8,0.0,41,ORGANIC,93
BIN-115,2026-09-17T06:00:00,3,6,58,11.8,0.0,24,ELECTRONIC,63
BIN-125,2026-09-12T19:00:00,5,19,15,17.2,0.0,16,RECYCLABLE,34
BIN-104,2026-09-02T15:00:00,2,15,30,23.0,1.5,33,ELECTRONIC,60
BIN-117,2026-09-10T18:00:00,3,18,31,19.9,0.0,44,ORGANIC,100
BIN-102,2026-09-11T00:00:00,4,0,58,7.9,2.1,33,RECYCLABLE,85
BIN-110,2026-09-16T18:00:00,2,18,37,20.3,0.0,26,ORGANIC,87
BIN-112,2026-09-16T06:00:00,2,6,12,12.7,4.2,35,ORGANIC,26
BIN-102,2026-09-07T10:00:00,0,10,22,20.1,0.0,12,HAZARDOUS,31
BIN-113,2026-09-10T21:00:00,3,21,15,13.7,0.0,25,HAZARDOUS,46
BIN-118,2026-09-04T04:00:00,4,4,27,10.0,0.0,8,GENERAL,32
BIN-101,2026-09-17T11:00:00,3,11,64,21.4,0.0,20,ORGANIC,100
BIN-118,2026-09-09T10:00:00,2,10,63,18.4,0.0,16,RECYCLABLE,78
BIN-104,2026-09-02T00:00:00,2,0,7,7.0,2.7,40,HAZARDOUS,40
BIN-115,2026-09-14T02:00:00,0,2,10,6.6,0.0,16,ORGANIC,16
BIN-102,2026-09-04T07:00:00,4,7,34,14.2,0.0,19,ELECTRONIC,52
BIN-111,2026-09-13T15:00:00,6,15,46,21.7,0.0,44,ELECTRONIC,83
BIN-114,2026-09-07T17:00:00,0,17,27,21.2,0.0,4,GENERAL,31
BIN-116,2026-09-02T08:00:00,2,8,53,16.1,0.0,42,GENERAL,98
BIN-113,2026-09-05T06:00:00,5,6,35,12.4,0.0,31,ELECTRONIC,43
BIN-123,2026-09-04T09:00:00,4,9,57,18.9,0.0,4,HAZARDOUS,61
BIN-107,2026-09-08T09:00:00,1,9,52,15.4,0.0,29,ORGANIC,88
BIN-107,2026-09-02T10:00:00,2,10,10,20.5,3.4,25,GENERAL,38
BIN-116,2026-09-05T18:00:00,5,18,6,17.8,3.3,20,GENERAL,40
BIN-124,2026-09-17T10:00:00,3,10,31,18.6,0.0,16,HAZARDOUS,43
BIN-115,2026-09-12T17:00:00,5,17,38,20.1,0.0,20,GENERAL,61
BIN-115,2026-09-03T10:00:00,3,10,31,18.5,0.0,21,HAZARDOUS,47
BIN-105,2026-09-01T16:00:00,1,16,58,21.1,1.0,36,GENERAL,97
BIN-119,2026-09-19T02:00:00,5,2,75,7.6,0.0,32,RECYCLABLE,83
BIN-124,2026-09-15T00:00:00,1,0,26,9.0,0.0,30,HAZARDOUS,53
BIN-105,2026-09-16T16:00:00,2,16,28,23.6,0.0,32,ELECTRONIC,54
BIN-102,2026-09-19T05:00:00,5,5,11,10.4,0.0,43,ORGANIC,26
BIN-121,2026-09-06T06:00:00,6,6,24,9.0,0.0,46,ORGANIC,39
BIN-122,2026-09-21T06:00:00,0,6,67,9.1,0.0,31,ELECTRONIC,76
BIN-114,2026-09-01T14:00:00,1,14,40,23.1,0.0,34,ORGANIC,100
BIN-114,2026-09-18T12:00:00,4,12,17,22.0,0.0,7,RECYCLABLE,26
BIN-120,2026-09-12T13:00:00,5,13,39,23.9,4.3,23,GENERAL,79
BIN-123,2026-09-06T03:00:00,6,3,15,7.9,0.0,44,GENERAL,30
BIN-125,2026-09-02T00:00:00,2,0,53,7.6,0.0,26,ORGANIC,83
BIN-103,2026-09-11T23:00:00,4,23,47,9.6,0.0,42,HAZARDOUS,79
BIN-104,2026-09-20T10:00:00,6,10,34,17.8,0.0,3,ELECTRONIC,38
BIN-102,2026-09-21T01:00:00,0,1,40,8.9,0.0,44,ORGANIC,55
BIN-102,2026-09-05T03:00:00,5,3,31,7.6,0.0,2,GENERAL,31
BIN-103,2026-09-07T17:00:00,0,17,35,20.9,0.0,37,RECYCLABLE,63
BIN-122,2026-09-20T11:00:00,6,11,54,21.7,4.4,22,ELECTRONIC,84
BIN-112,2026-09-02T11:00:00,2,11,34,22.0,0.0,28,ORGANIC,87
BIN-125,2026-09-14T10:00:00,0,10,46,17.1,0.0,26,ELECTRONIC,69
BIN-112,2026-09-13T03:00:00,6,3,28,8.0,0.0,28,HAZARDOUS,35
BIN-103,2026-09-17T19:00:00,3,19,36,17.9,0.7,19,ELECTRONIC,60
BIN-124,2026-09-09T15:00:00,2,15,18,21.1,0.0,24,GENERAL,42
BIN-115,2026-09-09T00:00:00,2,0,21,6.4,0.0,7,GENERAL,27
BIN-104,2026-09-01T21:00:00,1,21,75,11.3,0.0,23,ORGANIC,100
BIN-111,2026-09-19T18:00:00,5,18,42,18.7,0.0,1,HAZARDOUS,43
BIN-108,2026-09-13T12:00:00,6,12,53,20.6,0.0,11,ELECTRONIC,65
BIN-109,2026-09-11T20:00:00,4,20,26,14.7,0.0,5,RECYCLABLE,32
BIN-109,2026-09-21T11:00:00,0,11,68,21.0,0.5,47,RECYCLABLE,100
BIN-110,2026-09-01T11:00:00,1,11,53,21.9,0.0,22,HAZARDOUS,80
BIN-121,2026-09-22T02:00:00,1,2,43,6.3,0.0,9,ELECTRONIC,48
BIN-107,2026-09-11T13:00:00,4,13,55,24.6,0.0,12,GENERAL,75
BIN-119,2026-09-18T00:00:00,4,0,53,7.2,0.0,21,RECYCLABLE,68
BIN-112,2026-09-03T18:00:00,3,18,74,17.7,0.0,13,ELECTRONIC,93
BIN-123,2026-09-05T19:00:00,5,19,13,18.3,0.0,19,HAZARDOUS,38
BIN-114,2026-09-15T16:00:00,1,16,43,20.9,0.0,9,HAZARDOUS,50
BIN-103,2026-09-10T21:00:00,3,21,56,13.1,0.0,31,ELECTRONIC,94
BIN-123,2026-09-10T06:00:00,3,6,51,11.8,0.0,3,ELECTRONIC,49
BIN-104,2026-09-17T17:00:00,3,17,50,19.3,0.0,43,RECYCLABLE,83
BIN-119,2026-09-15T02:00:00,1,2,60,5.4,1.0,22,HAZARDOUS,66
BIN-123,2026-09-13T14:00:00,6,14,52,22.6,0.0,29,RECYCLABLE,88
BIN-119,2026-09-16T01:00:00,2,1,49,9.3,0.0,10,ELECTRONIC,50
BIN-103,2026-09-03T19:00:00,3,19,44,16.4,0.0,23,RECYCLABLE,77
BIN-117,2026-09-11T15:00:00,4,15,17,22.5,0.0,31,GENERAL,50
BIN-123,2026-09-03T18:00:00,3,18,18,19.7,4.4,22,ORGANIC,64
BIN-108,2026-09-12T08:00:00,5,8,25,14.3,0.0,36,RECYCLABLE,52
BIN-121,2026-09-05T06:00:00,5,6,60,10.6,0.0,41,RECYCLABLE,71
BIN-107,2026-09-10T22:00:00,3,22,54,9.0,0.0,28,ELECTRONIC,76
BIN-103,2026-09-13T15:00:00,6,15,28,22.2,0.5,35,ORGANIC,73
BIN-122,2026-09-19T17:00:00,5,17,45,21.0,0.0,34,HAZARDOUS,71
BIN-115,2026-09-14T12:00:00,0,12,43,23.6,0.0,44,RECYCLABLE,99
BIN-122,2026-09-04T04:00:00,4,4,35,7.3,3.1,8,GENERAL,37
BIN-105,2026-09-13T14:00:00,6,14,28,22.9,0.0,28,HAZARDOUS,64
BIN-121,2026-09-21T04:00:00,0,4,26,8.0,1.4,36,RECYCLABLE,35
BIN-112,2026-09-21T15:00:00,0,15,22,21.5,0.0,32,ORGANIC,61
BIN-118,2026-09-12T02:00:00,5,2,67,6.7,0.0,27,HAZARDOUS,73
BIN-101,2026-09-18T07:00:00,4,7,9,12.0,0.0,19,RECYCLABLE,24
BIN-106,2026-09-17T23:00:00,3,23,68,9.5,0.5,37,HAZARDOUS,99
BIN-112,2026-09-12T21:00:00,5,21,61,13.1,0.0,47,ORGANIC,100
BIN-104,2026-09-17T00:00:00,3,0,9,7.9,0.0,20,RECYCLABLE,26
BIN-104,2026-09-17T21:00:00,3,21,49,14.4,0.0,14,RECYCLABLE,66
BIN-114,2026-09-04T20:00:00,4,20,31,16.3,0.0,9,ELECTRONIC,41
BIN-120,2026-09-12T19:00:00,5,19,42,16.2,0.0,21,RECYCLABLE,68
BIN-117,2026-09-20T12:00:00,6,12,57,23.6,0.0,9,ORGANIC,75
BIN-105,2026-09-06T15:00:00,6,15,46,24.0,0.0,46,RECYCLABLE,83
BIN-122,2026-09-09T17:00:00,2,17,39,21.2,0.0,10,HAZARDOUS,49
BIN-125,2026-09-03T07:00:00,3,7,40,13.7,0.0,33,HAZARDOUS,68
BIN-115,2026-09-21T14:00:00,0,14,5,24.5,0.0,21,HAZARDOUS,36
BIN-121,2026-09-15T12:00:00,1,12,73,21.5,0.0,5,GENERAL,84
BIN-107,2026-09-11T21:00:00,4,21,41,12.3,0.0,21,GENERAL,76
BIN-111,2026-09-20T09:00:00,6,9,17,17.6,0.0,3,ORGANIC,20
BIN-101,2026-09-03T23:00:00,3,23,63,7.3,0.0,29,RECYCLABLE,87
BIN-105,2026-09-20T03:00:00,6,3,40,5.6,0.0,11,GENERAL,46
BIN-103,2026-09-09T06:00:00,2,6,55,11.5,0.0,4,RECYCLABLE,56
BIN-103,2026-09-16T08:00:00,2,8,32,14.9,1.0,1,ORGANIC,32
BIN-122,2026-09-10T19:00:00,3,19,48,18.3,0.0,1,ORGANIC,49
BIN-103,2026-09-06T05:00:00,6,5,18,7.8,0.0,6,HAZARDOUS,20
BIN-110,2026-09-04T06:00:00,4,6,23,9.3,0.0,9,HAZARDOUS,24
BIN-112,2026-09-16T17:00:00,2,17,24,22.3,0.0,41,RECYCLABLE,57
BIN-115,2026-09-19T16:00:00,5,16,17,20.5,3.3,6,RECYCLABLE,22
BIN-105,2026-09-06T14:00:00,6,14,15,22.0,0.0,42,GENERAL,89
BIN-124,2026-09-14T07:00:00,0,7,8,14.3,0.0,45,GENERAL,56
BIN-117,2026-09-05T08:00:00,5,8,11,16.1,0.0,19,HAZARDOUS,28
BIN-108,2026-09-11T21:00:00,4,21,35,12.9,0.0,8,HAZARDOUS,41
BIN-112,2026-09-21T06:00:00,0,6,54,12.4,0.0,9,GENERAL,56
BIN-112,2026-09-12T23:00:00,5,23,14,7.4,1.2,31,RECYCLABLE,40
BIN-113,2026-09-12T03:00:00,5,3,69,8.3,0.0,41,GENERAL,82
BIN-113,2026-09-03T02:00:00,3,2,24,6.1,0.0,35,ELECTRONIC,31
BIN-105,2026-09-12T18:00:00,5,18,13,18.2,0.0,26,GENERAL,58
BIN-108,2026-09-02T13:00:00,2,13,60,21.2,0.0,6,RECYCLABLE,70
BIN-122,2026-09-17T03:00:00,3,3,6,8.1,0.0,8,RECYCLABLE,9
BIN-106,2026-09-11T22:00:00,4,22,71,12.1,0.0,34,GENERAL,100
BIN-125,2026-09-19T23:00:00,5,23,20,10.4,3.6,47,GENERAL,73
BIN-109,2026-09-12T12:00:00,5,12,14,21.9,0.0,17,ORGANIC,50
BIN-106,2026-09-09T04:00:00,2,4,18,9.6,0.0,17,RECYCLABLE,23
BIN-104,2026-09-06T04:00:00,6,4,10,9.5,0.2,1,ELECTRONIC,8
BIN-106,2026-09-21T04:00:00,0,4,58,7.0,0.0,36,ORGANIC,74
BIN-124,2026-09-08T03:00:00,1,3,52,5.8,0.0,5,GENERAL,55
BIN-117,2026-09-02T07:00:00,2,7,64,14.4,0.0,5,HAZARDOUS,68
BIN-110,2026-09-08T07:00:00,1,7,63,11.0,0.0,36,ORGANIC,100
BIN-120,2026-09-06T12:00:00,6,12,68,23.9,0.0,24,HAZARDOUS,99
BIN-124,2026-09-20T13:00:00,6,13,24,20.8,0.0,16,ELECTRONIC,45
BIN-123,2026-09-20T01:00:00,6,1,5,8.3,0.0,22,ORGANIC,14
BIN-124,2026-09-16T20:00:00,2,20,31,15.1,0.0,7,GENERAL,43
BIN-105,2026-09-16T12:00:00,2,12,10,23.6,0.0,6,GENERAL,20
BIN-117,2026-09-10T03:00:00,3,3,15,7.6,0.0,30,GENERAL,24
BIN-119,2026-09-13T10:00:00,6,10,21,17.9,0.0,28,ORGANIC,54
BIN-111,2026-09-21T02:00:00,0,2,46,6.3,0.0,45,HAZARDOUS,58
BIN-125,2026-09-17T18:00:00,3,18,24,17.4,0.0,7,ELECTRONIC,34
BIN-111,2026-09-10T00:00:00,3,0,50,9.9,0.0,35,ORGANIC,92
BIN-104,2026-09-03T06:00:00,3,6,43,12.3,0.0,44,RECYCLABLE,55
BIN-102,2026-09-05T22:00:00,5,22,16,11.8,0.0,10,GENERAL,26
BIN-110,2026-09-06T21:00:00,6,21,56,14.3,0.0,2,RECYCLABLE,59
BIN-118,2026-09-06T15:00:00,6,15,18,23.9,0.1,30,ORGANIC,57
BIN-105,2026-09-05T13:00:00,5,13,15,23.1,0.0,24,HAZARDOUS,42
BIN-103,2026-09-01T19:00:00,1,19,61,18.3,3.8,13,ORGANIC,88
BIN-115,2026-09-02T09:00:00,2,9,60,18.4,0.0,37,RECYCLABLE,89
BIN-101,2026-09-09T11:00:00,2,11,50,19.5,1.3,12,HAZARDOUS,66
BIN-120,2026-09-14T11:00:00,0,11,42,20.7,0.0,42,RECYCLABLE,96
BIN-116,2026-09-02T15:00:00,2,15,54,21.3,4.0,18,ORGANIC,75
BIN-118,2026-09-18T06:00:00,4,6,50,10.9,0.0,25,ORGANIC,59
BIN-112,2026-09-20T19:00:00,6,19,46,16.6,1.4,33,ELECTRONIC,90
BIN-125,2026-09-07T07:00:00,0,7,72,12.4,0.0,31,ORGANIC,100
BIN-108,2026-09-22T02:00:00,1,2,36,7.6,0.0,7,RECYCLABLE,39
BIN-102,2026-09-17T15:00:00,3,15,54,22.1,0.0,37,RECYCLABLE,81
BIN-106,2026-09-05T02:00:00,5,2,45,8.2,0.0,38,RECYCLABLE,55
BIN-123,2026-09-08T20:00:00,1,20,23,15.3,4.4,37,ELECTRONIC,73
BIN-116,2026-09-12T21:00:00,5,21,67,11.1,2.7,12,GENERAL,91
BIN-111,2026-09-20T21:00:00,6,21,21,12.3,3.6,13,ELECTRONIC,40
BIN-111,2026-09-02T14:00:00,2,14,23,24.1,0.0,10,ORGANIC,45
BIN-112,2026-09-16T08:00:00,2,8,17,14.3,0.0,38,HAZARDOUS,45
BIN-106,2026-09-16T22:00:00,2,22,67,11.6,4.4,41,HAZARDOUS,100
BIN-112,2026-09-06T02:00:00,6,2,53,6.2,0.0,12,ELECTRONIC,53
BIN-105,2026-09-05T02:00:00,5,2,55,8.4,0.0,45,ORGANIC,71
BIN-111,2026-09-20T23:00:00,6,23,18,11.1,3.4,15,ELECTRONIC,31
BIN-108,2026-09-08T17:00:00,1,17,16,21.9,0.0,11,GENERAL,28
BIN-101,2026-09-06T23:00:00,6,23,13,8.7,0.0,16,RECYCLABLE,25
BIN-124,2026-09-01T08:00:00,1,8,61,15.9,0.0,25,ORGANIC,93
BIN-113,2026-09-08T19:00:00,1,19,17,18.4,0.0,25,ELECTRONIC,48
BIN-119,2026-09-15T05:00:00,1,5,62,7.6,0.0,11,RECYCLABLE,64
BIN-104,2026-09-02T21:00:00,2,21,53,11.6,4.2,11,GENERAL,75
BIN-103,2026-09-08T13:00:00,1,13,66,23.5,0.0,40,ELECTRONIC,100
BIN-114,2026-09-04T16:00:00,4,16,47,20.8,3.1,7,ORGANIC,55
BIN-124,2026-09-21T01:00:00,0,1,41,6.5,1.8,17,ELECTRONIC,44
BIN-102,2026-09-09T00:00:00,2,0,16,7.2,0.0,28,ORGANIC,49
BIN-120,2026-09-11T13:00:00,4,13,8,21.6,0.0,7,RECYCLABLE,19
BIN-104,2026-09-07T21:00:00,0,21,67,14.5,0.0,31,HAZARDOUS,100
BIN-121,2026-09-12T22:00:00,5,22,52,12.5,0.0,12,HAZARDOUS,61
BIN-115,2026-09-06T22:00:00,6,22,12,9.6,0.0,18,RECYCLABLE,27
BIN-104,2026-09-03T03:00:00,3,3,57,9.2,0.0,35,GENERAL,66
BIN-117,2026-09-10T06:00:00,3,6,65,11.3,0.0,44,ELECTRONIC,75
BIN-110,2026-09-03T00:00:00,3,0,9,8.1,0.0,46,HAZARDOUS,47
BIN-120,2026-09-04T11:00:00,4,11,27,22.5,1.0,29,ORGANIC,82
BIN-107,2026-09-04T00:00:00,4,0,15,10.0,0.0,28,ORGANIC,51
BIN-120,2026-09-06T20:00:00,6,20,13,13.3,0.0,47,GENERAL,94
BIN-118,2026-09-08T06:00:00,1,6,63,12.7,3.2,34,GENERAL,73
BIN-104,2026-09-10T04:00:00,3,4,17,9.8,0.0,10,RECYCLABLE,18
BIN-104,2026-09-18T02:00:00,4,2,49,8.5,0.0,35,GENERAL,59
BIN-116,2026-09-02T03:00:00,2,3,56,5.8,0.0,18,RECYCLABLE,59
BIN-123,2026-09-09T21:00:00,2,21,47,13.7,2.1,26,ORGANIC,98
BIN-111,2026-09-18T18:00:00,4,18,40,20.4,0.0,20,GENERAL,76
BIN-122,2026-09-03T10:00:00,3,10,43,20.9,0.0,9,RECYCLABLE,51
BIN-114,2026-09-14T05:00:00,0,5,61,8.2,0.0,13,ORGANIC,65
BIN-124,2026-09-11T16:00:00,4,16,12,22.0,1.4,24,ELECTRONIC,31
BIN-117,2026-09-20T02:00:00,6,2,27,5.8,0.0,2,ELECTRONIC,27
BIN-102,2026-09-06T15:00:00,6,15,11,24.4,0.0,30,ORGANIC,47
BIN-117,2026-09-09T19:00:00,2,19,8,16.0,0.0,44,ORGANIC,96
BIN-115,2026-09-05T02:00:00,5,2,75,6.4,4.0,38,HAZARDOUS,86
BIN-110,2026-09-01T22:00:00,1,22,25,12.4,0.0,4,HAZARDOUS,26
BIN-107,2026-09-19T14:00:00,5,14,33,23.7,0.0,42,RECYCLABLE,87
BIN-125,2026-09-21T23:00:00,0,23,21,9.9,0.0,31,ORGANIC,59
BIN-101,2026-09-06T02:00:00,6,2,44,7.9,0.0,39,GENERAL,56
BIN-112,2026-09-11T03:00:00,4,3,64,6.5,0.0,14,GENERAL,72
BIN-120,2026-09-09T19:00:00,2,19,5,17.1,0.0,7,ELECTRONIC,15
BIN-121,2026-09-14T00:00:00,0,0,43,8.8,0.0,19,ELECTRONIC,57
BIN-111,2026-09-07T05:00:00,0,5,38,10.0,0.0,18,GENERAL,43
BIN-117,2026-09-17T15:00:00,3,15,56,23.4,0.0,4,RECYCLABLE,58
BIN-124,2026-09-01T21:00:00,1,21,38,14.6,0.0,19,HAZARDOUS,62
BIN-119,2026-09-18T17:00:00,4,17,33,21.4,0.0,22,RECYCLABLE,49
BIN-116,2026-09-20T16:00:00,6,16,43,23.3,0.0,33,GENERAL,79
BIN-104,2026-09-11T09:00:00,4,9,38,18.0,0.0,48,RECYCLABLE,76
BIN-106,2026-09-21T12:00:00,0,12,16,20.8,0.0,42,GENERAL,90
BIN-111,2026-09-09T06:00:00,2,6,42,10.9,0.2,38,GENERAL,53
BIN-121,2026-09-13T18:00:00,6,18,14,18.9,0.5,40,ELECTRONIC,65
BIN-114,2026-09-02T11:00:00,2,11,30,20.0,0.0,9,RECYCLABLE,40
BIN-115,2026-09-04T09:00:00,4,9,28,18.2,0.0,46,GENERAL,77
BIN-121,2026-09-02T13:00:00,2,13,40,21.6,0.0,29,ORGANIC,96
BIN-119,2026-09-17T15:00:00,3,15,16,21.2,0.0,32,RECYCLABLE,40
BIN-116,2026-09-09T12:00:00,2,12,73,20.7,0.0,3,ORGANIC,80
BIN-101,2026-09-20T08:00:00,6,8,29,13.1,3.3,34,GENERAL,67
BIN-110,2026-09-04T02:00:00,4,2,69,7.4,3.7,25,ORGANIC,83
BIN-110,2026-09-21T13:00:00,0,13,71,23.1,0.0,30,GENERAL,100
BIN-111,2026-09-20T13:00:00,6,13,29,21.4,0.0,23,HAZARDOUS,56
BIN-113,2026-09-01T17:00:00,1,17,21,19.5,2.3,15,RECYCLABLE,36
BIN-102,2026-09-09T08:00:00,2,8,11,15.4,0.5,35,GENERAL,51
BIN-101,2026-09-02T08:00:00,2,8,61,14.5,0.0,27,ORGANIC,93
BIN-123,2026-09-15T23:00:00,1,23,58,10.0,0.0,20,ORGANIC,82
BIN-109,2026-09-14T14:00:00,0,14,22,22.7,0.0,45,ELECTRONIC,78
BIN-110,2026-09-03T18:00:00,3,18,30,19.4,0.0,32,ORGANIC,92
BIN-117,2026-09-22T02:00:00,1,2,57,6.2,2.2,23,RECYCLABLE,64
BIN-111,2026-09-06T08:00:00,6,8,16,16.6,0.0,1,ORGANIC,21
BIN-122,2026-09-11T20:00:00,4,20,70,13.3,0.0,6,RECYCLABLE,80
BIN-115,2026-09-22T04:00:00,1,4,64,6.3,0.0,17,GENERAL,68
BIN-102,2026-09-19T12:00:00,5,12,45,21.6,3.8,24,GENERAL,88
BIN-105,2026-09-15T11:00:00,1,11,50,22.2,0.0,22,RECYCLABLE,78
BIN-109,2026-09-20T01:00:00,6,1,48,6.0,0.0,24,ORGANIC,58
BIN-113,2026-09-16T01:00:00,2,1,26,5.7,0.0,27,HAZARDOUS,32
BIN-102,2026-09-21T10:00:00,0,10,58,20.6,0.0,7,RECYCLABLE,62
BIN-120,2026-09-09T10:00:00,2,10,8,20.5,0.0,40,GENERAL,51
BIN-124,2026-09-22T02:00:00,1,2,67,5.5,0.0,31,RECYCLABLE,76
BIN-111,2026-09-01T14:00:00,1,14,33,24.9,0.0,48,ELECTRONIC,96
BIN-111,2026-09-12T09:00:00,5,9,17,16.8,0.0,45,ELECTRONIC,51
BIN-121,2026-09-09T13:00:00,2,13,11,20.8,0.0,36,RECYCLABLE,58
BIN-117,2026-09-19T10:00:00,5,10,26,17.3,0.0,32,HAZARDOUS,52
BIN-102,2026-09-12T03:00:00,5,3,53,6.9,0.0,36,RECYCLABLE,66
BIN-115,2026-09-10T19:00:00,3,19,16,18.5,0.0,29,ELECTRONIC,55
BIN-121,2026-09-01T17:00:00,1,17,57,18.8,0.0,26,ORGANIC,90
BIN-103,2026-09-18T05:00:00,4,5,43,10.9,0.0,40,ELECTRONIC,52
BIN-111,2026-09-09T02:00:00,2,2,63,6.3,0.0,15,ORGANIC,67
BIN-120,2026-09-11T10:00:00,4,10,62,17.5,0.0,46,GENERAL,100
BIN-121,2026-09-21T21:00:00,0,21,71,12.4,4.0,36,GENERAL,100
BIN-116,2026-09-04T07:00:00,4,7,37,13.4,4.2,7,HAZARDOUS,43
BIN-107,2026-09-16T14:00:00,2,14,58,21.2,0.0,7,GENERAL,71
BIN-122,2026-09-13T21:00:00,6,21,63,13.6,0.0,29,ORGANIC,100
BIN-117,2026-09-17T00:00:00,3,0,60,9.4,0.0,36,ORGANIC,100
BIN-117,2026-09-17T23:00:00,3,23,27,10.3,1.7,45,RECYCLABLE,62
BIN-117,2026-09-20T03:00:00,6,3,36,6.4,0.0,27,HAZARDOUS,41
BIN-110,2026-09-10T23:00:00,3,23,57,9.8,0.0,9,RECYCLABLE,61
BIN-118,2026-09-19T16:00:00,5,16,75,22.5,0.0,46,GENERAL,100
BIN-120,2026-09-16T13:00:00,2,13,49,24.4,3.2,44,GENERAL,100
BIN-118,2026-09-16T03:00:00,2,3,19,8.3,0.0,46,GENERAL,34
BIN-119,2026-09-13T12:00:00,6,12,73,21.1,0.0,44,HAZARDOUS,100
BIN-101,2026-09-09T11:00:00,2,11,12,19.5,0.0,4,RECYCLABLE,15
BIN-106,2026-09-07T10:00:00,0,10,12,19.8,0.0,10,GENERAL,23
BIN-115,2026-09-03T12:00:00,3,12,33,22.9,0.0,44,ELECTRONIC,90
BIN-108,2026-09-12T05:00:00,5,5,11,11.0,0.0,45,GENERAL,30
BIN-111,2026-09-21T22:00:00,0,22,6,12.0,0.0,4,ELECTRONIC,8
BIN-125,2026-09-19T16:00:00,5,16,52,22.9,0.0,15,HAZARDOUS,62
BIN-107,2026-09-07T14:00:00,0,14,14,21.7,2.3,12,HAZARDOUS,29
BIN-113,2026-09-02T04:00:00,2,4,38,6.6,0.0,18,HAZARDOUS,42
BIN-123,2026-09-21T07:00:00,0,7,24,14.6,0.0,3,RECYCLABLE,28
BIN-125,2026-09-21T05:00:00,0,5,43,9.3,0.0,43,ELECTRONIC,52
BIN-111,2026-09-12T13:00:00,5,13,71,21.0,0.0,12,RECYCLABLE,89
BIN-114,2026-09-12T22:00:00,5,22,16,10.4,0.0,26,ELECTRONIC,36
BIN-110,2026-09-05T23:00:00,5,23,65,11.3,0.0,34,ELECTRONIC,91
BIN-121,2026-09-01T12:00:00,1,12,49,21.7,0.0,43,ORGANIC,100
BIN-102,2026-09-15T21:00:00,1,21,19,12.5,0.0,25,GENERAL,61
BIN-110,2026-09-01T20:00:00,1,20,70,16.2,0.0,24,ELECTRONIC,100
BIN-107,2026-09-08T04:00:00,1,4,17,6.7,0.0,6,ELECTRONIC,19
BIN-118,2026-09-12T17:00:00,5,17,13,19.5,0.0,41,ORGANIC,63
BIN-104,2026-09-05T17:00:00,5,17,60,21.2,0.0,45,ELECTRONIC,99
BIN-124,2026-09-15T23:00:00,1,23,63,10.2,0.3,2,RECYCLABLE,65
BIN-103,2026-09-13T14:00:00,6,14,57,22.6,0.0,17,RECYCLABLE,80
BIN-114,2026-09-08T01:00:00,1,1,20,7.4,0.0,25,ORGANIC,27
BIN-119,2026-09-02T07:00:00,2,7,69,11.4,0.0,23,ORGANIC,95
BIN-110,2026-09-14T06:00:00,0,6,61,10.5,0.0,19,ORGANIC,69
BIN-108,2026-09-04T05:00:00,4,5,42,11.2,3.0,35,HAZARDOUS,52
BIN-124,2026-09-15T03:00:00,1,3,75,8.8,0.2,1,GENERAL,74
BIN-118,2026-09-21T12:00:00,0,12,31,22.9,0.0,20,ORGANIC,69
BIN-112,2026-09-05T20:00:00,5,20,70,13.6,2.8,42,HAZARDOUS,100
BIN-122,2026-09-18T09:00:00,4,9,75,16.9,0.0,4,ELECTRONIC,79
BIN-110,2026-09-15T15:00:00,1,15,17,21.5,0.0,17,ORGANIC,39
BIN-122,2026-09-15T07:00:00,1,7,41,13.4,0.0,7,RECYCLABLE,46
BIN-111,2026-09-11T16:00:00,4,16,44,22.7,2.6,22,HAZARDOUS,64
BIN-106,2026-09-01T10:00:00,1,10,33,19.8,0.0,16,GENERAL,47
BIN-109,2026-09-19T06:00:00,5,6,47,12.5,0.0,9,GENERAL,49
BIN-118,2026-09-03T15:00:00,3,15,15,24.1,0.0,42,RECYCLABLE,50
BIN-105,2026-09-20T08:00:00,6,8,38,15.9,0.0,13,ELECTRONIC,48
BIN-117,2026-09-14T19:00:00,0,19,56,18.1,0.0,38,ORGANIC,100
BIN-102,2026-09-13T02:00:00,6,2,74,6.9,0.0,35,GENERAL,85
BIN-125,2026-09-13T21:00:00,6,21,64,12.9,1.6,9,GENERAL,81
BIN-101,2026-09-15T11:00:00,1,11,26,21.7,0.7,40,RECYCLABLE,76
BIN-105,2026-09-17T00:00:00,3,0,10,6.9,0.0,23,HAZARDOUS,28
BIN-103,2026-09-06T23:00:00,6,23,10,10.0,0.0,15,GENERAL,27
BIN-115,2026-09-20T03:00:00,6,3,46,5.7,0.0,3,ORGANIC,46
BIN-121,2026-09-19T00:00:00,5,0,38,8.4,0.0,48,GENERAL,89
BIN-119,2026-09-15T06:00:00,1,6,37,10.5,0.0,34,ORGANIC,50
BIN-117,2026-09-09T23:00:00,2,23,67,10.5,0.0,23,GENERAL,95
BIN-115,2026-09-04T20:00:00,4,20,70,15.6,0.0,5,RECYCLABLE,77
BIN-106,2026-09-04T16:00:00,4,16,20,22.6,0.0,39,GENERAL,62
BIN-122,2026-09-11T13:00:00,4,13,25,23.3,0.0,14,HAZARDOUS,44
BIN-108,2026-09-02T06:00:00,2,6,25,9.5,0.0,37,RECYCLABLE,35
BIN-106,2026-09-06T20:00:00,6,20,56,15.4,0.0,34,RECYCLABLE,100
BIN-101,2026-09-20T01:00:00,6,1,32,7.1,0.0,6,GENERAL,35
BIN-114,2026-09-14T03:00:00,0,3,28,7.8,0.0,38,RECYCLABLE,37
BIN-106,2026-09-16T18:00:00,2,18,13,17.9,0.0,30,GENERAL,66
BIN-117,2026-09-15T22:00:00,1,22,17,9.7,0.0,10,HAZARDOUS,26
BIN-120,2026-09-02T03:00:00,2,3,20,5.6,0.0,33,ELECTRONIC,30
BIN-101,2026-09-20T11:00:00,6,11,58,20.1,2.4,34,HAZARDOUS,100
BIN-108,2026-09-21T08:00:00,0,8,49,15.4,0.0,25,HAZARDOUS,69
BIN-104,2026-09-10T09:00:00,3,9,66,18.1,0.0,17,RECYCLABLE,77
BIN-103,2026-09-07T09:00:00,0,9,57,16.1,3.3,35,ELECTRONIC,88
BIN-117,2026-09-01T11:00:00,1,11,31,21.4,0.0,42,HAZARDOUS,86
BIN-112,2026-09-03T14:00:00,3,14,37,22.0,0.0,28,RECYCLABLE,71
BIN-122,2026-09-09T19:00:00,2,19,75,18.2,0.0,27,RECYCLABLE,100
BIN-112,2026-09-13T06:00:00,6,6,37,13.0,0.0,31,ELECTRONIC,45
BIN-105,2026-09-19T13:00:00,5,13,34,22.5,0.0,48,ORGANIC,100
BIN-106,2026-09-03T11:00:00,3,11,56,21.8,0.0,33,RECYCLABLE,97
BIN-102,2026-09-04T18:00:00,4,18,5,20.2,0.0,41,HAZARDOUS,57
BIN-116,2026-09-21T02:00:00,0,2,16,5.3,0.0,28,ELECTRONIC,23
BIN-113,2026-09-21T04:00:00,0,4,71,7.2,0.0,40,HAZARDOUS,81
BIN-102,2026-09-21T12:00:00,0,12,68,21.7,0.0,41,RECYCLABLE,100
BIN-110,2026-09-05T11:00:00,5,11,70,20.7,0.0,39,ORGANIC,100
BIN-106,2026-09-15T17:00:00,1,17,35,21.3,0.0,24,ORGANIC,65
BIN-113,2026-09-08T20:00:00,1,20,30,15.1,0.0,26,HAZARDOUS,64
BIN-103,2026-09-20T22:00:00,6,22,41,11.9,0.0,36,ORGANIC,84
BIN-109,2026-09-06T03:00:00,6,3,63,9.0,0.0,13,ELECTRONIC,65
BIN-109,2026-09-05T01:00:00,5,1,18,7.5,0.0,33,HAZARDOUS,26
BIN-117,2026-09-21T17:00:00,0,17,37,21.4,0.0,35,GENERAL,75
BIN-119,2026-09-11T15:00:00,4,15,63,23.5,0.0,22,RECYCLABLE,82
BIN-109,2026-09-02T18:00:00,2,18,33,19.7,0.0,41,HAZARDOUS,85
BIN-111,2026-09-10T03:00:00,3,3,73,5.3,0.0,34,GENERAL,84
BIN-122,2026-09-17T07:00:00,3,7,75,14.7,0.0,5,GENERAL,81
BIN-112,2026-09-05T23:00:00,5,23,28,11.1,0.0,18,ELECTRONIC,44
BIN-107,2026-09-06T08:00:00,6,8,31,13.9,0.0,17,RECYCLABLE,44
BIN-120,2026-09-08T22:00:00,1,22,20,12.7,0.0,7,RECYCLABLE,25
BIN-125,2026-09-19T14:00:00,5,14,66,22.5,0.0,3,ELECTRONIC,68
BIN-119,2026-09-19T20:00:00,5,20,28,16.9,0.0,32,GENERAL,83
BIN-119,2026-09-04T01:00:00,4,1,59,7.2,0.0,34,ORGANIC,72
BIN-117,2026-09-08T17:00:00,1,17,27,20.5,2.3,44,HAZARDOUS,63
BIN-122,2026-09-05T19:00:00,5,19,17,16.4,0.0,38,HAZARDOUS,66
BIN-109,2026-09-05T07:00:00,5,7,35,12.0,0.0,17,ELECTRONIC,48
BIN-114,2026-09-05T19:00:00,5,19,52,16.5,0.0,45,HAZARDOUS,100
BIN-115,2026-09-05T04:00:00,5,4,34,9.3,0.0,9,ELECTRONIC,37
BIN-113,2026-09-05T12:00:00,5,12,24,21.8,1.9,48,RECYCLABLE,85
BIN-105,2026-09-20T09:00:00,6,9,45,18.2,0.0,35,ELECTRONIC,72
BIN-113,2026-09-03T10:00:00,3,10,32,20.3,0.0,4,RECYCLABLE,35
BIN-121,2026-09-03T09:00:00,3,9,47,16.1,0.0,48,HAZARDOUS,83
BIN-112,2026-09-01T18:00:00,1,18,49,20.5,0.0,8,HAZARDOUS,58
BIN-107,2026-09-13T15:00:00,6,15,73,21.4,0.0,42,ELECTRONIC,100
BIN-116,2026-09-17T20:00:00,3,20,53,15.5,0.0,6,HAZARDOUS,63
BIN-105,2026-09-19T20:00:00,5,20,48,14.7,0.0,41,RECYCLABLE,98
BIN-103,2026-09-04T18:00:00,4,18,45,18.3,0.0,15,GENERAL,73
BIN-109,2026-09-14T05:00:00,0,5,61,10.5,0.0,18,HAZARDOUS,65
BIN-115,2026-09-10T03:00:00,3,3,7,5.8,0.0,12,RECYCLABLE,8
BIN-109,2026-09-21T09:00:00,0,9,26,16.7,4.2,14,ORGANIC,44
BIN-125,2026-09-09T19:00:00,2,19,18,16.1,2.9,6,ELECTRONIC,27
BIN-113,2026-09-07T22:00:00,0,22,41,10.8,2.4,16,RECYCLABLE,55
BIN-112,2026-09-19T16:00:00,5,16,64,23.8,0.0,31,GENERAL,98
BIN-109,2026-09-13T00:00:00,6,0,74,6.8,0.0,9,HAZARDOUS,80
BIN-119,2026-09-10T14:00:00,3,14,73,22.2,0.0,41,ELECTRONIC,100
BIN-118,2026-09-06T04:00:00,6,4,44,7.5,0.0,29,ORGANIC,55
BIN-125,2026-09-19T10:00:00,5,10,41,18.9,4.1,23,RECYCLABLE,61
BIN-125,2026-09-11T12:00:00,4,12,60,23.1,0.0,1,GENERAL,62
BIN-107,2026-09-10T02:00:00,3,2,55,6.0,0.0,28,ELECTRONIC,60
BIN-121,2026-09-09T15:00:00,2,15,38,21.0,0.0,15,HAZARDOUS,47
BIN-120,2026-09-18T13:00:00,4,13,73,24.0,0.0,19,GENERAL,100
BIN-103,2026-09-05T05:00:00,5,5,19,9.9,0.0,19,RECYCLABLE,23
BIN-107,2026-09-08T04:00:00,1,4,11,10.0,4.4,10,ORGANIC,18
BIN-110,2026-09-07T01:00:00,0,1,61,8.2,0.0,46,RECYCLABLE,73
BIN-111,2026-09-10T07:00:00,3,7,52,12.8,0.0,32,GENERAL,88
BIN-111,2026-09-03T01:00:00,3,1,39,8.4,2.1,4,RECYCLABLE,42
BIN-113,2026-09-19T00:00:00,5,0,36,7.6,0.0,8,ORGANIC,48
BIN-108,2026-09-17T01:00:00,3,1,63,8.2,3.0,13,ORGANIC,69
BIN-110,2026-09-21T07:00:00,0,7,10,13.9,0.0,11,GENERAL,23
BIN-104,2026-09-06T17:00:00,6,17,43,19.5,0.0,41,HAZARDOUS,77
BIN-104,2026-09-06T08:00:00,6,8,6,13.7,0.0,21,HAZARDOUS,22
BIN-104,2026-09-09T18:00:00,2,18,10,19.3,0.0,1,RECYCLABLE,11
BIN-125,2026-09-03T05:00:00,3,5,68,7.7,0.0,11,RECYCLABLE,70
BIN-125,2026-09-14T16:00:00,0,16,50,22.5,0.0,4,ORGANIC,55
BIN-108,2026-09-08T02:00:00,1,2,49,8.2,0.0,42,ELECTRONIC,58
BIN-107,2026-09-01T18:00:00,1,18,22,18.0,3.2,23,HAZARDOUS,51
BIN-116,2026-09-05T09:00:00,5,9,74,16.5,0.0,12,ELECTRONIC,83
BIN-109,2026-09-19T20:00:00,5,20,25,13.3,1.3,36,ELECTRONIC,72
BIN-101,2026-09-17T21:00:00,3,21,28,14.5,0.0,25,ELECTRONIC,62
BIN-112,2026-09-17T21:00:00,3,21,46,13.8,0.0,16,ELECTRONIC,65
BIN-117,2026-09-15T21:00:00,1,21,24,13.4,0.0,36,HAZARDOUS,70
BIN-121,2026-09-08T04:00:00,1,4,71,8.7,4.2,7,ORGANIC,75
BIN-104,2026-09-11T16:00:00,4,16,9,22.2,0.0,7,RECYCLABLE,15
BIN-122,2026-09-11T18:00:00,4,18,37,17.2,0.0,40,ELECTRONIC,89
BIN-107,2026-09-15T07:00:00,1,7,64,14.1,2.5,6,HAZARDOUS,70
BIN-114,2026-09-18T20:00:00,4,20,12,16.3,0.0,46,GENERAL,92
BIN-110,2026-09-02T23:00:00,2,23,17,7.7,0.0,34,RECYCLABLE,45
BIN-113,2026-09-05T09:00:00,5,9,36,17.4,0.0,34,RECYCLABLE,62
BIN-124,2026-09-03T14:00:00,3,14,63,23.8,0.0,23,ELECTRONIC,92
BIN-104,2026-09-04T21:00:00,4,21,56,12.9,0.0,36,RECYCLABLE,100
BIN-112,2026-09-20T14:00:00,6,14,46,24.4,0.0,36,GENERAL,100
BIN-121,2026-09-10T12:00:00,3,12,35,22.2,0.0,39,GENERAL,100
BIN-109,2026-09-09T00:00:00,2,0,55,6.1,1.3,29,HAZARDOUS,76
BIN-101,2026-09-12T09:00:00,5,9,5,16.3,0.0,20,RECYCLABLE,21
BIN-123,2026-09-18T21:00:00,4,21,70,13.2,0.0,36,GENERAL,100
BIN-105,2026-09-03T08:00:00,3,8,50,13.6,0.0,30,ORGANIC,87
BIN-109,2026-09-18T15:00:00,4,15,56,23.0,0.0,6,GENERAL,62
BIN-103,2026-09-16T18:00:00,2,18,27,19.0,0.0,31,GENERAL,80
BIN-104,2026-09-14T00:00:00,0,0,53,6.4,3.5,3,GENERAL,55
BIN-112,2026-09-20T02:00:00,6,2,20,8.5,0.0,27,HAZARDOUS,25
BIN-101,2026-09-14T20:00:00,0,20,44,15.1,0.0,4,HAZARDOUS,48
BIN-119,2026-09-04T12:00:00,4,12,33,20.5,0.0,33,GENERAL,94
BIN-125,2026-09-14T00:00:00,0,0,16,7.0,0.0,33,ELECTRONIC,43
BIN-113,2026-09-04T11:00:00,4,11,15,20.6,0.0,22,RECYCLABLE,42
BIN-113,2026-09-12T00:00:00,5,0,21,9.1,0.0,45,HAZARDOUS,57
BIN-107,2026-09-11T17:00:00,4,17,30,20.9,0.0,42,HAZARDOUS,63
BIN-109,2026-09-17T21:00:00,3,21,16,11.4,0.0,21,HAZARDOUS,43
BIN-112,2026-09-08T18:00:00,1,18,49,19.4,1.4,21,RECYCLABLE,79
BIN-115,2026-09-14T15:00:00,0,15,10,24.4,0.0,29,RECYCLABLE,33
BIN-122,2026-09-09T07:00:00,2,7,15,11.4,4.3,47,RECYCLABLE,57
BIN-110,2026-09-01T15:00:00,1,15,19,21.9,0.0,45,GENERAL,66
BIN-111,2026-09-05T19:00:00,5,19,31,17.3,0.0,14,ELECTRONIC,47
BIN-105,2026-09-16T03:00:00,2,3,72,5.4,1.3,25,ORGANIC,81
BIN-123,2026-09-14T12:00:00,0,12,64,22.5,1.7,4,GENERAL,71
BIN-122,2026-09-09T00:00:00,2,0,42,9.5,0.0,2,ORGANIC,47
BIN-108,2026-09-09T10:00:00,2,10,17,20.6,0.0,46,ELECTRONIC,54
BIN-107,2026-09-12T00:00:00,5,0,7,6.2,0.0,36,HAZARDOUS,36
BIN-110,2026-09-08T10:00:00,1,10,25,17.1,0.0,26,HAZARDOUS,45
BIN-117,2026-09-07T05:00:00,0,5,37,10.9,0.0,41,ORGANIC,53
BIN-101,2026-09-21T11:00:00,0,11,33,19.3,0.0,18,ELECTRONIC,56
BIN-113,2026-09-12T10:00:00,5,10,34,18.7,0.0,41,ELECTRONIC,67
BIN-114,2026-09-22T00:00:00,1,0,47,7.9,2.9,39,GENERAL,88
BIN-107,2026-09-19T17:00:00,5,17,72,22.3,0.0,20,RECYCLABLE,87
BIN-125,2026-09-04T10:00:00,4,10,45,17.3,0.0,11,ELECTRONIC,54
BIN-105,2026-09-16T20:00:00,2,20,57,16.8,0.0,21,ORGANIC,97
BIN-124,2026-09-21T06:00:00,0,6,29,9.4,3.4,10,GENERAL,33
BIN-119,2026-09-14T09:00:00,0,9,34,16.0,0.4,39,RECYCLABLE,65
BIN-125,2026-09-11T12:00:00,4,12,65,22.8,0.0,33,RECYCLABLE,100
BIN-105,2026-09-04T19:00:00,4,19,9,16.7,0.0,15,RECYCLABLE,27
BIN-109,2026-09-21T14:00:00,0,14,30,24.0,4.2,15,HAZARDOUS,54
BIN-116,2026-09-16T00:00:00,2,0,36,7.8,0.0,30,GENERAL,68
BIN-120,2026-09-17T00:00:00,3,0,45,7.6,0.0,47,HAZARDOUS,81
BIN-121,2026-09-20T00:00:00,6,0,18,7.9,0.0,34,ORGANIC,58
BIN-102,2026-09-20T01:00:00,6,1,73,6.9,0.0,34,RECYCLABLE,80
BIN-121,2026-09-21T20:00:00,0,20,42,14.8,0.0,13,ORGANIC,67
BIN-125,2026-09-18T23:00:00,4,23,26,9.0,0.0,30,GENERAL,60
BIN-105,2026-09-11T05:00:00,4,5,69,7.8,0.0,6,HAZARDOUS,71
BIN-123,2026-09-12T23:00:00,5,23,57,8.6,2.0,26,RECYCLABLE,81
BIN-115,2026-09-03T06:00:00,3,6,25,11.9,0.5,21,GENERAL,30
BIN-115,2026-09-14T20:00:00,0,20,72,15.8,0.0,6,GENERAL,84
BIN-106,2026-09-09T09:00:00,2,9,10,18.1,0.0,25,ELECTRONIC,30
BIN-119,2026-09-19T22:00:00,5,22,23,9.7,0.0,11,RECYCLABLE,31
BIN-125,2026-09-21T20:00:00,0,20,28,13.5,0.9,19,HAZARDOUS,54
BIN-120,2026-09-17T15:00:00,3,15,63,22.7,0.0,1,GENERAL,65
BIN-116,2026-09-06T09:00:00,6,9,65,16.9,0.0,38,RECYCLABLE,94
BIN-120,2026-09-14T03:00:00,0,3,75,6.4,0.0,16,ORGANIC,81
BIN-106,2026-09-04T11:00:00,4,11,49,18.8,0.0,42,ORGANIC,100
BIN-122,2026-09-13T15:00:00,6,15,47,24.4,1.9,20,ELECTRONIC,65
BIN-120,2026-09-15T10:00:00,1,10,27,20.9,0.0,37,ELECTRONIC,59
BIN-112,2026-09-21T04:00:00,0,4,43,7.4,0.0,6,ORGANIC,46
BIN-118,2026-09-02T17:00:00,2,17,22,19.1,0.0,31,GENERAL,53
BIN-111,2026-09-12T13:00:00,5,13,31,23.5,0.0,34,HAZARDOUS,77
BIN-121,2026-09-12T14:00:00,5,14,41,22.7,0.0,31,ORGANIC,100
BIN-109,2026-09-12T13:00:00,5,13,50,24.4,0.0,40,ELECTRONIC,99
BIN-116,2026-09-11T20:00:00,4,20,34,15.8,0.0,40,RECYCLABLE,86
BIN-101,2026-09-03T20:00:00,3,20,20,15.9,0.0,30,ORGANIC,77
BIN-102,2026-09-08T10:00:00,1,10,32,17.0,0.0,36,GENERAL,70
BIN-110,2026-09-06T18:00:00,6,18,43,19.0,0.0,20,ORGANIC,84
BIN-111,2026-09-09T18:00:00,2,18,8,20.3,3.8,40,ELECTRONIC,61
BIN-122,2026-09-11T13:00:00,4,13,22,22.7,0.0,3,HAZARDOUS,27
BIN-111,2026-09-11T04:00:00,4,4,12,9.4,0.0,48,HAZARDOUS,22
BIN-124,2026-09-15T19:00:00,1,19,73,15.1,0.0,36,GENERAL,100
BIN-112,2026-09-02T17:00:00,2,17,8,20.0,0.0,18,RECYCLABLE,25
BIN-118,2026-09-19T07:00:00,5,7,54,11.7,3.5,37,RECYCLABLE,84
BIN-123,2026-09-02T00:00:00,2,0,16,8.1,0.0,27,GENERAL,48
BIN-115,2026-09-19T00:00:00,5,0,72,7.3,3.5,14,GENERAL,89
BIN-115,2026-09-12T03:00:00,5,3,69,5.9,0.0,31,ORGANIC,77
BIN-116,2026-09-16T23:00:00,2,23,46,7.9,0.0,20,ELECTRONIC,64
BIN-122,2026-09-04T03:00:00,4,3,9,7.1,0.0,47,RECYCLABLE,17
BIN-117,2026-09-03T19:00:00,3,19,10,17.8,0.0,20,ORGANIC,50
BIN-102,2026-09-03T12:00:00,3,12,44,20.0,0.0,43,ELECTRONIC,100
BIN-121,2026-09-20T08:00:00,6,8,30,13.8,0.0,21,RECYCLABLE,46
BIN-104,2026-09-07T03:00:00,0,3,40,5.7,0.0,11,RECYCLABLE,44
BIN-118,2026-09-12T07:00:00,5,7,74,12.3,0.0,14,ORGANIC,92
BIN-110,2026-09-13T13:00:00,6,13,14,22.0,0.0,11,RECYCLABLE,30
BIN-118,2026-09-10T19:00:00,3,19,8,17.0,0.0,9,ORGANIC,26
BIN-114,2026-09-09T16:00:00,2,16,62,22.4,0.0,46,RECYCLABLE,100
BIN-107,2026-09-16T13:00:00,2,13,64,23.0,3.6,6,ELECTRONIC,73
BIN-110,2026-09-15T22:00:00,1,22,34,12.8,4.0,31,HAZARDOUS,60
BIN-109,2026-09-20T19:00:00,6,19,28,17.9,0.0,26,GENERAL,74
BIN-115,2026-09-11T17:00:00,4,17,65,19.1,0.0,5,ORGANIC,68
BIN-106,2026-09-07T08:00:00,0,8,21,15.0,0.0,39,GENERAL,63
BIN-118,2026-09-15T04:00:00,1,4,73,7.9,0.0,20,ORGANIC,80
BIN-108,2026-09-14T13:00:00,0,13,25,24.6,0.0,36,RECYCLABLE,70
BIN-119,2026-09-10T12:00:00,3,12,48,22.1,0.0,37,HAZARDOUS,98
BIN-122,2026-09-15T14:00:00,1,14,67,21.5,0.0,48,ORGANIC,100
BIN-115,2026-09-05T02:00:00,5,2,13,7.4,0.0,26,GENERAL,22
BIN-120,2026-09-17T18:00:00,3,18,68,19.6,1.0,21,HAZARDOUS,97
BIN-125,2026-09-14T21:00:00,0,21,24,12.7,0.0,10,ORGANIC,45
BIN-120,2026-09-13T15:00:00,6,15,31,23.5,0.0,13,HAZARDOUS,39
BIN-110,2026-09-20T22:00:00,6,22,49,13.0,0.0,46,HAZARDOUS,85
BIN-120,2026-09-12T05:00:00,5,5,42,7.6,0.0,9,HAZARDOUS,44
BIN-118,2026-09-18T20:00:00,4,20,41,16.5,0.0,8,GENERAL,55
BIN-123,2026-09-13T22:00:00,6,22,45,11.8,0.0,41,HAZARDOUS,77
BIN-106,2026-09-11T11:00:00,4,11,54,22.0,0.0,13,RECYCLABLE,71
BIN-114,2026-09-04T14:00:00,4,14,21,21.5,0.1,43,GENERAL,95
BIN-114,2026-09-22T03:00:00,1,3,22,7.8,0.0,6,RECYCLABLE,22
BIN-115,2026-09-20T09:00:00,6,9,28,16.9,0.0,28,ELECTRONIC,51
BIN-108,2026-09-05T07:00:00,5,7,5,13.2,0.0,39,HAZARDOUS,35
BIN-108,2026-09-16T12:00:00,2,12,57,23.6,0.0,18,ELECTRONIC,81
BIN-116,2026-09-16T08:00:00,2,8,66,16.8,3.3,8,GENERAL,76
BIN-117,2026-09-19T15:00:00,5,15,71,21.0,0.0,30,GENERAL,100
BIN-124,2026-09-15T11:00:00,1,11,74,21.8,0.0,44,ORGANIC,100
BIN-102,2026-09-20T14:00:00,6,14,6,22.9,0.0,35,GENERAL,64
BIN-114,2026-09-08T20:00:00,1,20,26,13.1,0.0,19,GENERAL,59
BIN-124,2026-09-07T19:00:00,0,19,12,17.6,0.0,17,ELECTRONIC,32
BIN-110,2026-09-18T14:00:00,4,14,41,22.9,0.3,2,ELECTRONIC,43
BIN-109,2026-09-06T17:00:00,6,17,40,19.8,0.0,40,RECYCLABLE,72
BIN-119,2026-09-17T02:00:00,3,2,62,6.5,3.5,43,RECYCLABLE,72
BIN-108,2026-09-11T16:00:00,4,16,9,21.3,0.7,34,RECYCLABLE,38
BIN-116,2026-09-17T09:00:00,3,9,35,17.7,0.0,25,HAZARDOUS,55
BIN-106,2026-09-05T19:00:00,5,19,49,15.3,0.0,47,ELECTRONIC,100
BIN-115,2026-09-09T20:00:00,2,20,65,16.0,0.0,20,HAZARDOUS,90
BIN-118,2026-09-06T07:00:00,6,7,54,12.8,3.9,44,HAZARDOUS,95
BIN-115,2026-09-09T11:00:00,2,11,10,19.0,0.0,34,GENERAL,69
BIN-112,2026-09-21T17:00:00,0,17,39,20.0,0.0,40,HAZARDOUS,73
BIN-113,2026-09-11T04:00:00,4,4,29,8.2,0.0,47,RECYCLABLE,42
BIN-106,2026-09-08T00:00:00,1,0,6,9.4,0.4,1,ELECTRONIC,8
BIN-108,2026-09-16T19:00:00,2,19,29,15.2,0.0,17,GENERAL,59
BIN-102,2026-09-21T08:00:00,0,8,32,16.8,0.0,43,ELECTRONIC,67
BIN-120,2026-09-04T02:00:00,4,2,28,8.6,0.0,43,HAZARDOUS,38
BIN-109,2026-09-07T14:00:00,0,14,14,23.6,0.0,43,HAZARDOUS,69
BIN-122,2026-09-17T18:00:00,3,18,25,20.1,0.0,17,GENERAL,56
BIN-102,2026-09-09T11:00:00,2,11,12,19.7,0.0,22,HAZARDOUS,41
BIN-107,2026-09-14T08:00:00,0,8,67,13.4,0.0,12,HAZARDOUS,77
BIN-114,2026-09-05T23:00:00,5,23,18,11.0,0.0,42,ELECTRONIC,52
BIN-119,2026-09-16T20:00:00,2,20,7,16.6,2.9,29,GENERAL,59
BIN-102,2026-09-15T12:00:00,1,12,24,22.7,0.0,18,HAZARDOUS,46
BIN-125,2026-09-11T19:00:00,4,19,56,18.4,0.0,28,HAZARDOUS,91
BIN-103,2026-09-12T20:00:00,5,20,54,16.8,0.0,1,RECYCLABLE,53
BIN-112,2026-09-08T10:00:00,1,10,12,19.5,0.0,26,GENERAL,40
BIN-103,2026-09-09T03:00:00,2,3,15,8.6,0.0,22,ELECTRONIC,20
BIN-118,2026-09-02T04:00:00,2,4,29,7.3,0.0,43,HAZARDOUS,40
BIN-104,2026-09-14T18:00:00,0,18,15,20.5,0.0,32,GENERAL,70
BIN-101,2026-09-16T16:00:00,2,16,67,21.5,0.0,16,ELECTRONIC,80
BIN-121,2026-09-07T21:00:00,0,21,62,14.8,1.5,35,HAZARDOUS,100
BIN-113,2026-09-03T20:00:00,3,20,71,14.8,0.0,42,RECYCLABLE,100
BIN-118,2026-09-04T12:00:00,4,12,14,20.1,2.9,15,ELECTRONIC,31
BIN-102,2026-09-06T12:00:00,6,12,27,22.5,0.0,1,RECYCLABLE,29
BIN-104,2026-09-11T01:00:00,4,1,13,8.5,2.2,11,ELECTRONIC,17
BIN-107,2026-09-10T10:00:00,3,10,56,18.3,0.0,48,GENERAL,100
BIN-119,2026-09-12T23:00:00,5,23,32,10.4,0.0,21,RECYCLABLE,49
BIN-105,2026-09-17T11:00:00,3,11,52,20.9,0.0,11,HAZARDOUS,67
BIN-119,2026-09-02T04:00:00,2,4,53,9.2,2.2,7,RECYCLABLE,57
BIN-103,2026-09-16T09:00:00,2,9,58,17.8,0.0,19,ELECTRONIC,73
BIN-116,2026-09-16T02:00:00,2,2,23,7.6,0.0,14,RECYCLABLE,23
BIN-120,2026-09-16T02:00:00,2,2,28,7.9,0.0,39,ORGANIC,44
BIN-103,2026-09-14T17:00:00,0,17,58,18.7,0.0,23,GENERAL,84
BIN-104,2026-09-14T12:00:00,0,12,69,20.8,0.0,35,GENERAL,100
BIN-122,2026-09-05T18:00:00,5,18,29,17.5,3.8,4,GENERAL,39
BIN-106,2026-09-15T15:00:00,1,15,51,21.9,0.0,4,ORGANIC,55
BIN-111,2026-09-14T11:00:00,0,11,18,21.6,0.0,3,HAZARDOUS,23
BIN-116,2026-09-12T07:00:00,5,7,35,13.8,0.0,5,ORGANIC,43
BIN-111,2026-09-10T06:00:00,3,6,46,9.9,1.0,48,RECYCLABLE,58
BIN-107,2026-09-09T08:00:00,2,8,65,15.3,2.0,5,RECYCLABLE,71
BIN-107,2026-09-21T03:00:00,0,3,27,6.8,3.2,30,ELECTRONIC,33
BIN-107,2026-09-08T11:00:00,1,11,12,19.8,2.1,3,RECYCLABLE,14
BIN-114,2026-09-04T23:00:00,4,23,42,9.8,0.0,15,GENERAL,57
BIN-106,2026-09-13T15:00:00,6,15,16,22.4,0.0,15,ELECTRONIC,27
BIN-107,2026-09-13T22:00:00,6,22,40,9.1,0.0,30,HAZARDOUS,65
BIN-114,2026-09-13T16:00:00,6,16,24,23.6,0.0,38,RECYCLABLE,54
BIN-114,2026-09-02T06:00:00,2,6,69,9.1,0.0,31,ORGANIC,78
BIN-104,2026-09-10T23:00:00,3,23,15,9.6,3.3,16,HAZARDOUS,30
BIN-107,2026-09-04T03:00:00,4,3,35,7.9,2.2,19,GENERAL,41
BIN-119,2026-09-17T06:00:00,3,6,63,10.9,3.2,2,ELECTRONIC,67
BIN-106,2026-09-18T04:00:00,4,4,64,8.9,2.8,41,GENERAL,77
BIN-117,2026-09-02T00:00:00,2,0,39,8.9,0.0,28,GENERAL,71
BIN-119,2026-09-18T06:00:00,4,6,15,11.5,0.0,44,RECYCLABLE,27
BIN-122,2026-09-09T02:00:00,2,2,54,6.5,0.0,8,ORGANIC,56
BIN-112,2026-09-09T03:00:00,2,3,13,7.5,0.0,42,RECYCLABLE,24
BIN-118,2026-09-03T18:00:00,3,18,31,20.0,0.0,48,HAZARDOUS,94
BIN-111,2026-09-08T20:00:00,1,20,59,14.1,1.6,33,GENERAL,100
BIN-104,2026-09-11T08:00:00,4,8,73,16.6,0.0,44,ELECTRONIC,100
BIN-112,2026-09-18T09:00:00,4,9,63,15.4,0.0,13,ORGANIC,80
BIN-103,2026-09-03T15:00:00,3,15,19,23.5,0.0,18,RECYCLABLE,37
BIN-107,2026-09-12T10:00:00,5,10,58,20.9,0.0,19,ORGANIC,82
BIN-115,2026-09-17T01:00:00,3,1,29,5.5,0.0,19,ORGANIC,37
BIN-108,2026-09-19T03:00:00,5,3,47,6.9,0.0,42,ELECTRONIC,56
BIN-119,2026-09-15T12:00:00,1,12,61,21.8,0.0,36,ELECTRONIC,100
BIN-110,2026-09-04T23:00:00,4,23,66,8.8,0.0,15,GENERAL,83
BIN-110,2026-09-11T01:00:00,4,1,25,8.1,0.0,40,RECYCLABLE,34
BIN-106,2026-09-19T05:00:00,5,5,35,7.8,0.0,11,RECYCLABLE,36
BIN-112,2026-09-05T06:00:00,5,6,9,11.7,0.0,36,RECYCLABLE,17
BIN-105,2026-09-09T06:00:00,2,6,25,11.1,0.1,35,HAZARDOUS,36
BIN-115,2026-09-21T03:00:00,0,3,5,9.2,0.0,10,GENERAL,7
BIN-117,2026-09-08T09:00:00,1,9,42,18.9,0.0,31,GENERAL,78
BIN-119,2026-09-16T21:00:00,2,21,19,13.9,0.0,22,HAZARDOUS,47
BIN-105,2026-09-15T19:00:00,1,19,44,15.2,0.0,8,ELECTRONIC,55
BIN-111,2026-09-02T12:00:00,2,12,29,22.3,0.0,42,ELECTRONIC,85
BIN-125,2026-09-07T06:00:00,0,6,15,11.2,0.0,2,RECYCLABLE,15
BIN-117,2026-09-09T17:00:00,2,17,45,21.1,0.0,32,RECYCLABLE,70
BIN-102,2026-09-20T17:00:00,6,17,23,21.5,0.0,26,GENERAL,51
BIN-112,2026-09-08T19:00:00,1,19,16,15.9,0.0,29,GENERAL,66
BIN-124,2026-09-10T04:00:00,3,4,25,9.3,0.0,19,HAZARDOUS,27
BIN-105,2026-09-19T03:00:00,5,3,16,5.8,0.0,39,ELECTRONIC,27
BIN-117,2026-09-08T11:00:00,1,11,53,19.0,0.0,38,ORGANIC,100
BIN-118,2026-09-11T04:00:00,4,4,30,6.8,0.0,9,ELECTRONIC,31
BIN-118,2026-09-11T19:00:00,4,19,43,17.0,0.0,20,ORGANIC,82
BIN-105,2026-09-06T22:00:00,6,22,65,9.5,0.0,41,GENERAL,100
BIN-110,2026-09-10T05:00:00,3,5,36,7.5,0.0,32,RECYCLABLE,40
BIN-120,2026-09-17T05:00:00,3,5,66,9.6,0.0,38,GENERAL,78
BIN-121,2026-09-15T23:00:00,1,23,20,8.8,0.0,45,HAZARDOUS,58
BIN-119,2026-09-02T13:00:00,2,13,64,24.2,0.7,21,RECYCLABLE,92
BIN-109,2026-09-09T00:00:00,2,0,50,6.3,0.0,41,HAZARDOUS,83
BIN-107,2026-09-17T16:00:00,3,16,26,22.1,0.0,7,RECYCLABLE,31
BIN-122,2026-09-18T09:00:00,4,9,51,15.5,0.0,18,GENERAL,71
BIN-117,2026-09-07T08:00:00,0,8,57,14.4,0.0,32,GENERAL,91
BIN-104,2026-09-05T23:00:00,5,23,33,10.7,0.0,33,RECYCLABLE,58
BIN-117,2026-09-19T09:00:00,5,9,75,17.9,0.0,46,ELECTRONIC,100
BIN-114,2026-09-11T03:00:00,4,3,21,9.0,0.0,8,ORGANIC,23
BIN-115,2026-09-20T07:00:00,6,7,48,11.6,0.0,34,ELECTRONIC,77
BIN-124,2026-09-18T17:00:00,4,17,21,22.1,1.0,15,ORGANIC,40
BIN-103,2026-09-10T09:00:00,3,9,7,18.2,0.0,5,ORGANIC,14
BIN-102,2026-09-05T12:00:00,5,12,70,22.3,0.0,3,ORGANIC,76
BIN-110,2026-09-15T13:00:00,1,13,20,24.4,0.0,7,ORGANIC,33
BIN-107,2026-09-05T06:00:00,5,6,16,9.6,0.0,2,GENERAL,16
BIN-112,2026-09-04T18:00:00,4,18,35,19.0,3.7,47,ELECTRONIC,99
BIN-125,2026-09-01T15:00:00,1,15,29,24.6,3.4,14,ELECTRONIC,44
BIN-107,2026-09-20T23:00:00,6,23,65,8.8,0.0,46,ELECTRONIC,100
BIN-115,2026-09-15T16:00:00,1,16,50,23.9,0.0,12,ORGANIC,63
BIN-125,2026-09-08T00:00:00,1,0,19,8.2,0.0,30,ORGANIC,55
BIN-112,2026-09-16T08:00:00,2,8,10,13.3,0.0,36,GENERAL,48
BIN-124,2026-09-07T23:00:00,0,23,75,9.0,0.0,15,HAZARDOUS,88
BIN-114,2026-09-05T08:00:00,5,8,52,13.7,0.0,31,ORGANIC,89
BIN-115,2026-09-12T11:00:00,5,11,23,20.2,0.0,8,ORGANIC,39
BIN-104,2026-09-17T03:00:00,3,3,51,9.2,0.0,5,RECYCLABLE,48
BIN-104,2026-09-06T07:00:00,6,7,68,12.0,0.0,47,HAZARDOUS,100
BIN-119,2026-09-13T23:00:00,6,23,56,8.8,0.0,42,GENERAL,100
BIN-117,2026-09-07T06:00:00,0,6,18,9.5,0.0,30,RECYCLABLE,24
BIN-108,2026-09-14T17:00:00,0,17,17,21.6,0.0,2,RECYCLABLE,18
BIN-106,2026-09-09T11:00:00,2,11,46,19.3,0.0,44,ELECTRONIC,100
BIN-104,2026-09-17T13:00:00,3,13,71,23.8,0.0,43,ORGANIC,100
BIN-116,2026-09-12T02:00:00,5,2,48,8.2,0.0,35,GENERAL,61
BIN-101,2026-09-21T15:00:00,0,15,20,22.3,0.0,28,ORGANIC,53
BIN-102,2026-09-05T02:00:00,5,2,43,8.5,1.9,43,ELECTRONIC,55
BIN-110,2026-09-16T14:00:00,2,14,19,23.3,0.0,32,HAZARDOUS,59
BIN-116,2026-09-11T11:00:00,4,11,69,18.9,0.0,11,ELECTRONIC,83
BIN-119,2026-09-22T01:00:00,1,1,50,8.3,0.0,40,HAZARDOUS,62
BIN-105,2026-09-19T04:00:00,5,4,8,9.1,0.0,23,GENERAL,16
BIN-113,2026-09-03T09:00:00,3,9,50,16.7,1.1,23,HAZARDOUS,69
BIN-103,2026-09-20T18:00:00,6,18,19,18.4,1.5,20,ORGANIC,60
BIN-115,2026-09-15T08:00:00,1,8,70,16.6,0.0,37,HAZARDOUS,99
BIN-111,2026-09-09T09:00:00,2,9,46,17.4,0.0,25,ELECTRONIC,64
BIN-104,2026-09-16T01:00:00,2,1,68,7.3,0.0,22,RECYCLABLE,72
BIN-112,2026-09-22T00:00:00,1,0,68,8.6,0.0,13,HAZARDOUS,80
BIN-103,2026-09-19T06:00:00,5,6,41,10.1,0.0,14,ELECTRONIC,42
BIN-120,2026-09-17T04:00:00,3,4,17,8.4,0.0,46,ORGANIC,33
BIN-119,2026-09-18T10:00:00,4,10,59,17.8,0.0,31,ELECTRONIC,83
BIN-110,2026-09-10T13:00:00,3,13,30,22.4,0.0,21,ELECTRONIC,56
BIN-117,2026-09-11T00:00:00,4,0,7,8.6,0.0,12,ELECTRONIC,17
BIN-122,2026-09-21T20:00:00,0,20,73,16.2,0.0,18,HAZARDOUS,98
BIN-114,2026-09-21T06:00:00,0,6,12,11.1,0.0,47,ELECTRONIC,24
BIN-122,2026-09-17T15:00:00,3,15,57,22.0,0.0,28,GENERAL,88
BIN-103,2026-09-14T20:00:00,0,20,39,16.3,0.0,27,RECYCLABLE,74
BIN-113,2026-09-06T10:00:00,6,10,29,17.1,0.0,10,ORGANIC,43
BIN-110,2026-09-11T05:00:00,4,5,60,9.0,0.0,36,HAZARDOUS,69
BIN-101,2026-09-06T20:00:00,6,20,75,13.7,0.0,43,GENERAL,100
BIN-124,2026-09-11T16:00:00,4,16,15,21.2,0.0,4,ORGANIC,23
BIN-112,2026-09-15T15:00:00,1,15,22,21.7,0.0,26,ORGANIC,55
BIN-117,2026-09-21T05:00:00,0,5,72,8.4,0.0,34,ORGANIC,84
BIN-111,2026-09-08T08:00:00,1,8,54,16.2,0.0,48,ELECTRONIC,94
BIN-114,2026-09-05T23:00:00,5,23,27,8.2,0.0,7,RECYCLABLE,30
BIN-102,2026-09-11T19:00:00,4,19,19,16.3,0.0,24,ELECTRONIC,52
BIN-122,2026-09-06T14:00:00,6,14,51,22.9,0.0,10,GENERAL,68
BIN-120,2026-09-02T01:00:00,2,1,35,6.3,0.0,45,ORGANIC,53
BIN-121,2026-09-21T18:00:00,0,18,20,19.1,0.0,44,GENERAL,96
BIN-113,2026-09-21T02:00:00,0,2,16,8.7,0.0,20,GENERAL,23
BIN-110,2026-09-05T19:00:00,5,19,45,18.6,0.0,29,RECYCLABLE,82
BIN-103,2026-09-18T21:00:00,4,21,57,14.6,0.0,31,HAZARDOUS,97
BIN-114,2026-09-20T00:00:00,6,0,38,8.1,0.0,11,ORGANIC,49
BIN-124,2026-09-08T07:00:00,1,7,8,14.0,0.0,45,HAZARDOUS,43
BIN-106,2026-09-14T18:00:00,0,18,22,17.0,0.0,42,HAZARDOUS,76
BIN-104,2026-09-04T16:00:00,4,16,21,23.3,0.0,34,RECYCLABLE,50
BIN-111,2026-09-10T23:00:00,3,23,22,8.4,0.0,48,HAZARDOUS,62
BIN-107,2026-09-03T03:00:00,3,3,28,6.8,0.0,24,HAZARDOUS,31
BIN-119,2026-09-06T02:00:00,6,2,34,8.6,0.0,2,ORGANIC,35
BIN-106,2026-09-02T09:00:00,2,9,59,17.5,4.3,40,HAZARDOUS,95
BIN-106,2026-09-21T12:00:00,0,12,6,22.8,0.0,8,ELECTRONIC,18
BIN-122,2026-09-11T21:00:00,4,21,31,11.7,0.0,15,ORGANIC,59
BIN-109,2026-09-07T11:00:00,0,11,21,20.4,0.0,25,HAZARDOUS,54
BIN-124,2026-09-15T18:00:00,1,18,28,18.6,1.3,27,RECYCLABLE,66
BIN-109,2026-09-06T08:00:00,6,8,36,14.5,0.0,29,ELECTRONIC,59
BIN-105,2026-09-19T22:00:00,5,22,55,11.7,0.0,45,GENERAL,100
BIN-123,2026-09-10T08:00:00,3,8,14,13.4,1.5,17,ELECTRONIC,29
BIN-120,2026-09-21T08:00:00,0,8,10,13.0,0.0,46,ELECTRONIC,51
BIN-113,2026-09-07T18:00:00,0,18,52,17.5,0.0,43,HAZARDOUS,100
BIN-106,2026-09-12T01:00:00,5,1,64,5.8,0.0,22,HAZARDOUS,70
BIN-117,2026-09-10T13:00:00,3,13,19,22.0,0.0,17,RECYCLABLE,37
BIN-109,2026-09-17T06:00:00,3,6,41,12.6,0.0,28,GENERAL,50
BIN-125,2026-09-21T02:00:00,0,2,45,6.7,3.3,34,GENERAL,54
BIN-118,2026-09-19T12:00:00,5,12,29,20.5,0.0,4,HAZARDOUS,34
BIN-102,2026-09-11T08:00:00,4,8,64,14.7,0.0,11,GENERAL,76
BIN-112,2026-09-16T11:00:00,2,11,63,20.6,0.0,32,ELECTRONIC,100
BIN-105,2026-09-03T23:00:00,3,23,31,10.8,0.8,6,GENERAL,37
BIN-122,2026-09-13T19:00:00,6,19,5,17.2,0.0,38,RECYCLABLE,54
BIN-114,2026-09-20T23:00:00,6,23,68,10.1,0.0,16,ORGANIC,90
BIN-122,2026-09-03T22:00:00,3,22,18,12.3,0.4,24,HAZARDOUS,38
BIN-123,2026-09-15T09:00:00,1,9,39,17.4,4.4,30,HAZARDOUS,63
BIN-111,2026-09-21T13:00:00,0,13,32,24.2,0.0,9,ELECTRONIC,41
BIN-110,2026-09-08T05:00:00,1,5,14,9.5,0.0,48,ORGANIC,32
BIN-108,2026-09-21T22:00:00,0,22,7,12.4,3.5,6,HAZARDOUS,14
BIN-110,2026-09-15T03:00:00,1,3,43,7.2,0.0,8,RECYCLABLE,45
BIN-122,2026-09-14T04:00:00,0,4,17,9.4,0.0,23,RECYCLABLE,21
BIN-116,2026-09-10T20:00:00,3,20,39,15.3,0.0,31,HAZARDOUS,79
BIN-120,2026-09-05T07:00:00,5,7,59,11.3,0.0,41,HAZARDOUS,89
BIN-115,2026-09-15T18:00:00,1,18,24,20.7,0.0,42,RECYCLABLE,78
BIN-115,2026-09-10T15:00:00,3,15,43,21.3,4.1,31,ORGANIC,82
BIN-108,2026-09-12T11:00:00,5,11,11,20.9,0.0,19,HAZARDOUS,34
BIN-114,2026-09-03T08:00:00,3,8,37,14.4,0.0,43,HAZARDOUS,72
BIN-125,2026-09-12T01:00:00,5,1,64,6.0,1.8,8,ORGANIC,70
BIN-110,2026-09-08T00:00:00,1,0,63,9.1,0.0,47,ELECTRONIC,100
BIN-109,2026-09-08T14:00:00,1,14,28,21.3,0.0,14,RECYCLABLE,46
BIN-114,2026-09-12T17:00:00,5,17,55,19.1,2.1,1,ORGANIC,59
BIN-123,2026-09-09T23:00:00,2,23,67,8.6,0.0,47,ELECTRONIC,100
BIN-123,2026-09-15T17:00:00,1,17,16,19.2,0.5,20,HAZARDOUS,31
BIN-101,2026-09-16T04:00:00,2,4,31,8.0,1.1,2,RECYCLABLE,34
BIN-118,2026-09-05T09:00:00,5,9,64,15.7,0.0,20,ORGANIC,86
BIN-104,2026-09-04T21:00:00,4,21,61,14.8,0.0,48,RECYCLABLE,100
BIN-107,2026-09-07T14:00:00,0,14,11,22.3,3.8,26,ELECTRONIC,45
BIN-114,2026-09-10T04:00:00,3,4,75,10.1,1.8,48,HAZARDOUS,85
BIN-122,2026-09-20T15:00:00,6,15,12,22.8,0.0,15,HAZARDOUS,24
BIN-111,2026-09-13T03:00:00,6,3,58,8.8,2.8,18,ORGANIC,65
BIN-114,2026-09-01T18:00:00,1,18,29,18.9,0.0,19,RECYCLABLE,52
BIN-117,2026-09-06T00:00:00,6,0,48,9.8,0.0,44,ELECTRONIC,83
BIN-110,2026-09-16T18:00:00,2,18,51,20.2,0.0,27,HAZARDOUS,84
BIN-106,2026-09-14T14:00:00,0,14,16,23.7,0.9,19,RECYCLABLE,40
BIN-114,2026-09-21T10:00:00,0,10,35,17.8,0.1,20,HAZARDOUS,51
BIN-109,2026-09-08T22:00:00,1,22,69,9.1,1.9,12,RECYCLABLE,79
BIN-108,2026-09-11T17:00:00,4,17,50,21.7,0.0,22,GENERAL,73
BIN-118,2026-09-07T00:00:00,0,0,70,8.5,0.2,45,RECYCLABLE,100
BIN-125,2026-09-03T16:00:00,3,16,18,23.2,0.5,40,ORGANIC,66
BIN-121,2026-09-03T20:00:00,3,20,25,15.9,0.0,24,RECYCLABLE,56
BIN-104,2026-09-04T14:00:00,4,14,22,21.5,0.0,22,GENERAL,58
BIN-114,2026-09-17T17:00:00,3,17,65,20.0,0.0,16,ORGANIC,86
BIN-125,2026-09-10T04:00:00,3,4,36,6.7,0.0,41,GENERAL,50
BIN-114,2026-09-18T03:00:00,4,3,59,6.9,0.0,9,RECYCLABLE,58
BIN-122,2026-09-09T01:00:00,2,1,23,8.4,0.0,29,ORGANIC,34
BIN-117,2026-09-21T11:00:00,0,11,48,19.9,0.0,6,ORGANIC,60
BIN-125,2026-09-02T02:00:00,2,2,12,8.9,0.0,37,RECYCLABLE,21
BIN-122,2026-09-20T00:00:00,6,0,58,7.7,0.0,19,ELECTRONIC,72
BIN-124,2026-09-08T00:00:00,1,0,40,9.7,0.0,1,GENERAL,41
BIN-105,2026-09-16T06:00:00,2,6,31,12.6,0.0,29,HAZARDOUS,37
BIN-112,2026-09-20T06:00:00,6,6,43,9.3,0.0,13,HAZARDOUS,45
BIN-113,2026-09-16T19:00:00,2,19,74,16.2,2.5,34,RECYCLABLE,100
BIN-106,2026-09-01T19:00:00,1,19,38,16.0,0.0,35,ORGANIC,100
BIN-124,2026-09-10T08:00:00,3,8,12,16.4,0.0,8,ELECTRONIC,18
BIN-125,2026-09-15T05:00:00,1,5,43,9.6,1.5,29,ORGANIC,54
BIN-108,2026-09-18T12:00:00,4,12,73,23.3,0.0,37,ELECTRONIC,100
BIN-123,2026-09-13T13:00:00,6,13,53,22.8,0.0,46,RECYCLABLE,100
BIN-111,2026-09-12T08:00:00,5,8,51,14.8,1.9,13,ELECTRONIC,62
BIN-114,2026-09-20T06:00:00,6,6,32,10.8,0.0,31,RECYCLABLE,40
BIN-117,2026-09-09T22:00:00,2,22,71,12.1,0.0,36,ELECTRONIC,98
BIN-115,2026-09-16T00:00:00,2,0,58,9.4,0.6,47,HAZARDOUS,95
BIN-123,2026-09-11T02:00:00,4,2,70,8.5,1.0,46,RECYCLABLE,79
BIN-118,2026-09-09T05:00:00,2,5,57,7.8,0.0,39,ORGANIC,72
BIN-110,2026-09-02T04:00:00,2,4,20,7.6,0.0,10,ELECTRONIC,22
BIN-105,2026-09-04T08:00:00,4,8,11,16.7,0.0,27,ELECTRONIC,35
BIN-110,2026-09-05T22:00:00,5,22,67,9.0,0.0,48,RECYCLABLE,100
BIN-116,2026-09-13T13:00:00,6,13,62,24.3,0.0,37,GENERAL,100
BIN-116,2026-09-19T03:00:00,5,3,22,7.3,0.0,9,ELECTRONIC,23
BIN-124,2026-09-08T06:00:00,1,6,57,10.5,0.0,40,ORGANIC,72
BIN-111,2026-09-12T20:00:00,5,20,61,15.9,0.0,43,ORGANIC,100
BIN-119,2026-09-14T18:00:00,0,18,20,19.6,4.3,36,GENERAL,82
BIN-118,2026-09-13T15:00:00,6,15,71,21.5,0.0,37,ORGANIC,100
BIN-118,2026-09-05T04:00:00,5,4,31,7.1,0.0,18,ORGANIC,37
BIN-119,2026-09-10T19:00:00,3,19,46,16.7,3.9,35,ORGANIC,100
BIN-114,2026-09-01T20:00:00,1,20,53,14.0,0.4,21,ELECTRONIC,81
BIN-106,2026-09-07T10:00:00,0,10,37,20.1,4.3,12,RECYCLABLE,48
BIN-111,2026-09-05T04:00:00,5,4,12,7.3,0.6,46,ORGANIC,29
BIN-111,2026-09-06T20:00:00,6,20,11,13.8,0.0,8,HAZARDOUS,20
BIN-125,2026-09-12T02:00:00,5,2,39,5.2,0.0,8,HAZARDOUS,40
BIN-114,2026-09-02T17:00:00,2,17,57,21.2,0.0,2,HAZARDOUS,61
BIN-119,2026-09-15T17:00:00,1,17,21,19.9,0.0,16,ORGANIC,41
BIN-103,2026-09-19T09:00:00,5,9,23,16.6,0.0,14,ELECTRONIC,35
BIN-114,2026-09-21T20:00:00,0,20,10,13.0,0.0,29,ELECTRONIC,46
BIN-120,2026-09-07T12:00:00,0,12,12,23.7,0.0,1,RECYCLABLE,11
BIN-113,2026-09-08T19:00:00,1,19,70,16.2,2.4,38,RECYCLABLE,100
BIN-103,2026-09-07T17:00:00,0,17,20,22.0,0.0,26,ORGANIC,55
BIN-107,2026-09-14T08:00:00,0,8,48,15.5,0.0,21,ELECTRONIC,65
BIN-123,2026-09-10T23:00:00,3,23,46,8.7,0.0,16,GENERAL,63
BIN-123,2026-09-04T04:00:00,4,4,65,6.1,0.8,39,ORGANIC,79
BIN-118,2026-09-20T10:00:00,6,10,73,17.3,0.0,26,HAZARDOUS,93
BIN-122,2026-09-10T19:00:00,3,19,53,18.4,0.0,23,ORGANIC,96
BIN-106,2026-09-19T05:00:00,5,5,64,8.8,0.0,8,ORGANIC,67
BIN-122,2026-09-20T23:00:00,6,23,16,10.6,0.0,13,GENERAL,28
BIN-123,2026-09-06T01:00:00,6,1,51,5.4,0.0,32,RECYCLABLE,58
BIN-101,2026-09-05T12:00:00,5,12,40,22.2,0.0,8,HAZARDOUS,48
BIN-118,2026-09-05T11:00:00,5,11,27,18.9,0.3,44,ELECTRONIC,84
BIN-108,2026-09-20T03:00:00,6,3,40,6.0,0.0,47,ELECTRONIC,53
BIN-123,2026-09-15T19:00:00,1,19,37,17.8,0.0,40,ELECTRONIC,90
BIN-122,2026-09-21T10:00:00,0,10,60,20.4,0.0,21,ORGANIC,86
BIN-104,2026-09-15T20:00:00,1,20,68,14.4,0.0,30,ELECTRONIC,100
BIN-109,2026-09-20T22:00:00,6,22,62,10.3,0.0,35,HAZARDOUS,90
BIN-111,2026-09-03T01:00:00,3,1,33,9.2,0.0,2,ELECTRONIC,35
BIN-106,2026-09-08T08:00:00,1,8,17,13.1,0.0,5,GENERAL,23
BIN-101,2026-09-13T23:00:00,6,23,36,7.8,0.0,17,GENERAL,54
BIN-111,2026-09-12T10:00:00,5,10,61,20.1,0.0,5,RECYCLABLE,65
BIN-119,2026-09-03T23:00:00,3,23,9,8.9,0.0,4,ORGANIC,13
BIN-102,2026-09-20T22:00:00,6,22,43,11.4,0.0,4,HAZARDOUS,44
BIN-104,2026-09-15T18:00:00,1,18,11,18.2,0.0,36,ORGANIC,83
BIN-108,2026-09-19T18:00:00,5,18,6,18.8,0.0,43,ELECTRONIC,63
BIN-114,2026-09-20T02:00:00,6,2,17,6.4,0.0,40,ELECTRONIC,27
BIN-111,2026-09-13T20:00:00,6,20,18,13.0,0.0,7,RECYCLABLE,25
BIN-119,2026-09-18T04:00:00,4,4,21,8.6,0.0,37,RECYCLABLE,28
BIN-115,2026-09-05T07:00:00,5,7,10,11.2,0.0,9,RECYCLABLE,18
BIN-114,2026-09-12T06:00:00,5,6,74,12.1,1.4,20,GENERAL,80
BIN-101,2026-09-12T09:00:00,5,9,23,15.3,0.0,43,ELECTRONIC,59
BIN-118,2026-09-19T15:00:00,5,15,49,21.5,0.0,28,ORGANIC,85
BIN-111,2026-09-05T08:00:00,5,8,64,15.4,0.0,45,HAZARDOUS,99
BIN-119,2026-09-13T09:00:00,6,9,43,16.7,2.0,40,GENERAL,87
BIN-108,2026-09-20T23:00:00,6,23,33,10.1,0.0,41,ORGANIC,82
BIN-107,2026-09-06T10:00:00,6,10,47,20.2,0.0,48,HAZARDOUS,84
BIN-101,2026-09-09T01:00:00,2,1,50,5.4,1.3,5,ORGANIC,54
BIN-107,2026-09-14T19:00:00,0,19,10,19.0,1.3,24,ELECTRONIC,42
BIN-106,2026-09-08T13:00:00,1,13,27,21.5,1.2,16,ELECTRONIC,49
BIN-104,2026-09-01T18:00:00,1,18,19,18.4,0.0,25,RECYCLABLE,50
BIN-112,2026-09-15T10:00:00,1,10,60,20.5,0.6,34,RECYCLABLE,88
BIN-105,2026-09-18T06:00:00,4,6,73,10.5,0.0,13,RECYCLABLE,73
BIN-108,2026-09-20T23:00:00,6,23,29,10.8,0.0,40,ORGANIC,75
BIN-105,2026-09-08T07:00:00,1,7,40,14.4,0.0,4,RECYCLABLE,46
BIN-107,2026-09-16T20:00:00,2,20,13,13.7,0.0,31,ORGANIC,73
BIN-121,2026-09-17T08:00:00,3,8,68,15.1,3.2,24,ELECTRONIC,87
BIN-116,2026-09-11T10:00:00,4,10,56,19.6,0.0,38,GENERAL,97
BIN-121,2026-09-02T02:00:00,2,2,30,6.8,0.0,15,RECYCLABLE,34
BIN-113,2026-09-13T12:00:00,6,12,37,22.1,0.4,24,RECYCLABLE,70
BIN-115,2026-09-12T09:00:00,5,9,10,16.9,0.0,15,GENERAL,25
BIN-114,2026-09-09T04:00:00,2,4,39,7.6,1.1,21,HAZARDOUS,45
BIN-121,2026-09-02T22:00:00,2,22,42,12.4,0.0,6,GENERAL,47
BIN-108,2026-09-03T10:00:00,3,10,51,17.2,0.0,5,ORGANIC,55
BIN-107,2026-09-15T17:00:00,1,17,43,21.6,0.0,17,GENERAL,62
BIN-120,2026-09-04T06:00:00,4,6,6,12.1,0.0,17,ELECTRONIC,9
BIN-112,2026-09-18T00:00:00,4,0,6,8.0,0.0,26,HAZARDOUS,27
BIN-113,2026-09-06T04:00:00,6,4,31,8.0,0.0,47,RECYCLABLE,42
BIN-118,2026-09-17T11:00:00,3,11,64,20.0,3.8,47,HAZARDOUS,100
BIN-114,2026-09-05T19:00:00,5,19,8,16.6,0.0,29,HAZARDOUS,47
BIN-105,2026-09-07T20:00:00,0,20,50,14.4,0.0,32,ORGANIC,100
BIN-125,2026-09-16T01:00:00,2,1,46,7.6,0.0,20,ELECTRONIC,49
BIN-102,2026-09-21T00:00:00,0,0,47,8.3,0.0,10,RECYCLABLE,57
BIN-113,2026-09-09T11:00:00,2,11,13,20.8,0.5,26,RECYCLABLE,46
BIN-119,2026-09-21T20:00:00,0,20,43,13.4,2.5,41,HAZARDOUS,99
BIN-116,2026-09-01T21:00:00,1,21,13,14.6,0.0,13,RECYCLABLE,30
BIN-107,2026-09-06T07:00:00,6,7,72,11.2,2.3,43,GENERAL,100
BIN-114,2026-09-09T16:00:00,2,16,21,22.1,0.0,8,RECYCLABLE,30
BIN-103,2026-09-09T15:00:00,2,15,31,22.0,0.0,9,RECYCLABLE,38
BIN-119,2026-09-21T08:00:00,0,8,30,15.0,0.0,38,GENERAL,70
BIN-109,2026-09-05T15:00:00,5,15,62,21.0,0.0,10,ORGANIC,75
BIN-119,2026-09-20T02:00:00,6,2,64,7.3,0.0,30,HAZARDOUS,70
BIN-110,2026-09-15T02:00:00,1,2,43,6.6,0.0,23,HAZARDOUS,50
BIN-106,2026-09-20T12:00:00,6,12,60,21.8,0.0,47,ELECTRONIC,100
BIN-106,2026-09-16T05:00:00,2,5,55,10.1,4.0,7,ELECTRONIC,60
BIN-118,2026-09-07T13:00:00,0,13,32,24.4,0.0,45,ORGANIC,100
BIN-125,2026-09-13T03:00:00,6,3,14,8.3,0.0,24,ORGANIC,23
BIN-106,2026-09-06T17:00:00,6,17,10,20.5,3.1,33,RECYCLABLE,36
BIN-124,2026-09-11T04:00:00,4,4,56,9.5,0.0,22,HAZARDOUS,62
BIN-105,2026-09-08T07:00:00,1,7,64,11.2,0.0,32,HAZARDOUS,90
BIN-108,2026-09-16T13:00:00,2,13,65,24.0,0.0,9,HAZARDOUS,77
BIN-104,2026-09-05T02:00:00,5,2,73,8.0,3.0,8,GENERAL,77
BIN-101,2026-09-15T18:00:00,1,18,61,18.4,0.0,10,GENERAL,80
BIN-107,2026-09-10T18:00:00,3,18,71,19.6,0.0,41,ORGANIC,100
BIN-104,2026-09-09T15:00:00,2,15,11,23.1,1.7,29,GENERAL,43
BIN-108,2026-09-05T14:00:00,5,14,58,21.1,3.7,2,ORGANIC,64
BIN-122,2026-09-15T14:00:00,1,14,17,24.2,0.0,15,ORGANIC,47
BIN-114,2026-09-12T06:00:00,5,6,46,11.2,0.9,21,ORGANIC,55
BIN-118,2026-09-09T18:00:00,2,18,34,17.9,0.0,8,HAZARDOUS,45
BIN-111,2026-09-01T14:00:00,1,14,63,21.9,0.0,14,HAZARDOUS,82
BIN-109,2026-09-15T04:00:00,1,4,10,6.3,0.0,24,ELECTRONIC,15
BIN-104,2026-09-16T12:00:00,2,12,26,20.9,1.5,37,ELECTRONIC,76
BIN-121,2026-09-16T04:00:00,2,4,22,7.4,0.0,44,HAZARDOUS,34
BIN-122,2026-09-11T14:00:00,4,14,7,23.4,0.0,22,ORGANIC,49
BIN-113,2026-09-12T05:00:00,5,5,6,8.3,0.0,33,RECYCLABLE,15
BIN-124,2026-09-10T11:00:00,3,11,15,18.9,0.0,40,RECYCLABLE,66
BIN-110,2026-09-05T15:00:00,5,15,31,23.3,0.0,25,RECYCLABLE,51
BIN-115,2026-09-17T02:00:00,3,2,40,6.3,0.0,9,GENERAL,38
BIN-102,2026-09-12T10:00:00,5,10,41,20.0,0.0,42,HAZARDOUS,75
BIN-107,2026-09-12T20:00:00,5,20,36,16.2,0.0,43,ORGANIC,100
BIN-108,2026-09-14T07:00:00,0,7,46,11.7,0.0,34,HAZARDOUS,75
BIN-107,2026-09-02T10:00:00,2,10,21,17.4,0.0,14,RECYCLABLE,33
BIN-107,2026-09-06T08:00:00,6,8,59,15.9,0.0,6,ELECTRONIC,64
BIN-106,2026-09-14T06:00:00,0,6,41,11.3,0.0,20,RECYCLABLE,45
BIN-107,2026-09-07T03:00:00,0,3,51,6.9,2.0,6,HAZARDOUS,51
BIN-125,2026-09-04T15:00:00,4,15,53,22.4,4.1,2,HAZARDOUS,56
BIN-110,2026-09-14T00:00:00,0,0,75,9.0,0.0,10,ELECTRONIC,81
BIN-113,2026-09-13T07:00:00,6,7,14,12.3,0.0,31,ELECTRONIC,39
BIN-107,2026-09-04T15:00:00,4,15,6,24.2,0.0,1,RECYCLABLE,6
BIN-114,2026-09-21T09:00:00,0,9,52,16.6,0.0,48,HAZARDOUS,92
BIN-119,2026-09-02T20:00:00,2,20,20,14.5,0.0,3,HAZARDOUS,24
BIN-109,2026-09-17T18:00:00,3,18,67,19.5,0.0,33,GENERAL,100
BIN-102,2026-09-15T05:00:00,1,5,36,8.3,3.7,28,HAZARDOUS,43
BIN-123,2026-09-15T12:00:00,1,12,63,23.7,1.1,17,RECYCLABLE,84
BIN-119,2026-09-21T15:00:00,0,15,19,23.8,0.0,1,RECYCLABLE,21
BIN-119,2026-09-22T02:00:00,1,2,29,8.5,1.9,34,ORGANIC,41
BIN-123,2026-09-07T18:00:00,0,18,53,19.3,0.0,35,ELECTRONIC,98
BIN-103,2026-09-03T15:00:00,3,15,23,21.8,0.0,23,ELECTRONIC,38
BIN-124,2026-09-09T19:00:00,2,19,26,18.3,0.3,1,GENERAL,27
BIN-121,2026-09-07T11:00:00,0,11,27,20.2,0.0,11,HAZARDOUS,40
BIN-107,2026-09-11T17:00:00,4,17,19,20.5,0.0,33,RECYCLABLE,46
BIN-106,2026-09-18T14:00:00,4,14,57,22.8,0.0,17,RECYCLABLE,80
BIN-104,2026-09-19T20:00:00,5,20,42,13.3,0.3,6,RECYCLABLE,51
BIN-116,2026-09-15T16:00:00,1,16,12,21.0,0.0,1,ORGANIC,13
BIN-122,2026-09-13T18:00:00,6,18,32,19.1,2.7,7,ORGANIC,49
BIN-116,2026-09-11T10:00:00,4,10,59,18.3,0.0,39,GENERAL,100
BIN-111,2026-09-08T01:00:00,1,1,56,6.8,1.6,24,RECYCLABLE,62
BIN-115,2026-09-19T21:00:00,5,21,22,11.0,2.4,47,HAZARDOUS,84
BIN-123,2026-09-17T08:00:00,3,8,62,15.5,0.0,24,RECYCLABLE,80
BIN-107,2026-09-01T09:00:00,1,9,51,18.6,0.0,2,GENERAL,53
BIN-124,2026-09-08T06:00:00,1,6,67,10.6,0.0,15,HAZARDOUS,72
BIN-116,2026-09-15T09:00:00,1,9,54,16.2,0.6,47,ORGANIC,100
BIN-117,2026-09-20T00:00:00,6,0,69,6.2,0.0,46,ELECTRONIC,100
BIN-118,2026-09-19T23:00:00,5,23,62,11.2,0.0,11,HAZARDOUS,72
BIN-118,2026-09-06T11:00:00,6,11,26,21.7,0.0,14,RECYCLABLE,46
BIN-123,2026-09-01T22:00:00,1,22,54,12.1,0.0,21,RECYCLABLE,72
BIN-109,2026-09-15T12:00:00,1,12,20,22.6,0.0,43,HAZARDOUS,75
BIN-123,2026-09-08T10:00:00,1,10,13,19.6,0.0,37,RECYCLABLE,42
BIN-123,2026-09-17T04:00:00,3,4,60,9.3,0.0,42,HAZARDOUS,71
BIN-103,2026-09-08T14:00:00,1,14,19,23.3,1.4,13,ELECTRONIC,37
BIN-113,2026-09-13T15:00:00,6,15,12,23.1,1.7,20,ORGANIC,35
BIN-122,2026-09-21T06:00:00,0,6,33,9.4,3.8,34,RECYCLABLE,44
BIN-111,2026-09-04T10:00:00,4,10,68,19.7,1.3,15,GENERAL,85
BIN-123,2026-09-02T01:00:00,2,1,44,7.3,0.0,21,ELECTRONIC,46
BIN-109,2026-09-19T10:00:00,5,10,32,19.0,0.0,31,ELECTRONIC,54
BIN-111,2026-09-04T14:00:00,4,14,33,23.8,3.9,47,RECYCLABLE,98
BIN-106,2026-09-19T14:00:00,5,14,55,22.2,0.0,47,HAZARDOUS,100
BIN-101,2026-09-13T00:00:00,6,0,59,8.8,0.0,22,HAZARDOUS,76
BIN-125,2026-09-09T16:00:00,2,16,72,22.8,0.0,5,HAZARDOUS,78
BIN-118,2026-09-09T17:00:00,2,17,46,21.7,0.0,9,ORGANIC,56
BIN-102,2026-09-19T11:00:00,5,11,25,21.0,0.0,30,GENERAL,74
BIN-107,2026-09-05T23:00:00,5,23,6,8.8,0.0,48,RECYCLABLE,45
BIN-104,2026-09-15T19:00:00,1,19,59,17.8,0.3,25,RECYCLABLE,90
BIN-102,2026-09-03T20:00:00,3,20,48,15.4,0.0,42,ELECTRONIC,100
BIN-121,2026-09-16T17:00:00,2,17,9,19.1,0.0,16,HAZARDOUS,21
BIN-106,2026-09-15T06:00:00,1,6,16,12.1,0.0,45,HAZARDOUS,29
BIN-121,2026-09-09T11:00:00,2,11,61,20.1,0.4,41,GENERAL,100
BIN-117,2026-09-06T03:00:00,6,3,66,6.4,0.0,38,ORGANIC,80
BIN-119,2026-09-05T04:00:00,5,4,60,7.3,1.5,31,HAZARDOUS,67
BIN-118,2026-09-05T06:00:00,5,6,7,10.6,0.0,45,HAZARDOUS,15
BIN-117,2026-09-11T18:00:00,4,18,73,19.9,0.0,34,ORGANIC,100
BIN-122,2026-09-20T11:00:00,6,11,28,18.7,0.0,12,ORGANIC,53
BIN-111,2026-09-03T22:00:00,3,22,31,11.6,1.2,9,ORGANIC,42
BIN-104,2026-09-12T03:00:00,5,3,74,6.0,0.0,24,GENERAL,81
BIN-122,2026-09-01T08:00:00,1,8,10,16.8,0.0,20,RECYCLABLE,27
BIN-115,2026-09-04T07:00:00,4,7,45,13.0,0.0,32,ELECTRONIC,69
BIN-112,2026-09-14T06:00:00,0,6,31,11.8,0.0,33,ELECTRONIC,39
BIN-105,2026-09-07T17:00:00,0,17,75,19.5,0.0,9,RECYCLABLE,82
BIN-105,2026-09-16T21:00:00,2,21,14,13.1,0.0,28,ELECTRONIC,50
BIN-115,2026-09-03T02:00:00,3,2,59,8.8,0.9,44,GENERAL,73
BIN-121,2026-09-16T23:00:00,2,23,29,10.2,0.0,41,GENERAL,72
BIN-106,2026-09-10T06:00:00,3,6,60,10.5,0.0,21,RECYCLABLE,64
BIN-108,2026-09-02T23:00:00,2,23,73,7.8,0.0,8,GENERAL,84
BIN-112,2026-09-20T17:00:00,6,17,23,22.1,0.0,18,GENERAL,43
BIN-101,2026-09-03T10:00:00,3,10,53,20.8,0.0,15,HAZARDOUS,66
BIN-110,2026-09-13T21:00:00,6,21,72,12.3,0.0,7,HAZARDOUS,82
BIN-110,2026-09-13T02:00:00,6,2,17,8.6,4.3,39,GENERAL,30
BIN-124,2026-09-15T19:00:00,1,19,56,17.0,0.0,36,ELECTRONIC,100
BIN-117,2026-09-16T13:00:00,2,13,21,21.3,0.0,43,RECYCLABLE,76
BIN-121,2026-09-22T02:00:00,1,2,36,7.7,0.0,46,GENERAL,54
BIN-115,2026-09-05T05:00:00,5,5,64,9.4,0.0,23,HAZARDOUS,66
BIN-108,2026-09-07T20:00:00,0,20,57,16.1,0.0,20,ORGANIC,97
BIN-121,2026-09-03T00:00:00,3,0,35,9.9,0.3,47,ORGANIC,92
BIN-116,2026-09-18T13:00:00,4,13,70,24.5,2.2,28,ORGANIC,100
BIN-122,2026-09-15T18:00:00,1,18,20,18.6,0.0,45,ELECTRONIC,80
BIN-123,2026-09-10T09:00:00,3,9,49,16.0,0.0,48,ELECTRONIC,87
BIN-117,2026-09-15T22:00:00,1,22,62,12.9,0.0,3,ELECTRONIC,66
BIN-108,2026-09-05T01:00:00,5,1,22,7.3,0.0,24,ORGANIC,30
BIN-114,2026-09-11T21:00:00,4,21,52,14.8,0.0,11,HAZARDOUS,65
BIN-125,2026-09-19T15:00:00,5,15,43,22.7,0.0,19,ORGANIC,64
BIN-101,2026-09-17T01:00:00,3,1,32,9.0,0.0,26,ELECTRONIC,40
BIN-102,2026-09-21T06:00:00,0,6,67,9.2,2.1,40,HAZARDOUS,77
BIN-110,2026-09-08T21:00:00,1,21,49,14.5,1.6,1,ORGANIC,53
BIN-103,2026-09-12T14:00:00,5,14,57,21.5,0.0,10,ELECTRONIC,71
BIN-105,2026-09-17T17:00:00,3,17,65,20.2,0.0,15,GENERAL,80
BIN-109,2026-09-03T15:00:00,3,15,61,21.4,0.0,43,HAZARDOUS,96
BIN-114,2026-09-01T10:00:00,1,10,30,17.4,0.0,46,GENERAL,81
BIN-111,2026-09-20T13:00:00,6,13,30,24.5,0.0,11,ORGANIC,53
BIN-109,2026-09-03T20:00:00,3,20,75,15.0,0.0,32,HAZARDOUS,100
BIN-125,2026-09-20T03:00:00,6,3,54,5.8,0.0,33,HAZARDOUS,64
BIN-101,2026-09-04T00:00:00,4,0,69,6.1,0.0,23,RECYCLABLE,90
BIN-114,2026-09-22T03:00:00,1,3,6,7.0,0.0,48,ELECTRONIC,19
BIN-116,2026-09-03T02:00:00,3,2,24,7.9,1.3,16,HAZARDOUS,29
BIN-123,2026-09-06T14:00:00,6,14,65,23.8,0.0,13,HAZARDOUS,83
BIN-123,2026-09-16T21:00:00,2,21,28,11.7,0.0,40,ELECTRONIC,79
BIN-104,2026-09-04T03:00:00,4,3,40,9.2,0.0,3,HAZARDOUS,40
BIN-114,2026-09-01T17:00:00,1,17,16,22.1,0.0,13,ELECTRONIC,24
BIN-108,2026-09-06T01:00:00,6,1,66,5.5,0.0,28,GENERAL,75
BIN-102,2026-09-07T19:00:00,0,19,51,16.2,0.0,18,ORGANIC,85
BIN-102,2026-09-05T05:00:00,5,5,11,10.0,0.0,1,ORGANIC,12
BIN-110,2026-09-11T09:00:00,4,9,17,16.8,0.0,39,GENERAL,58
BIN-104,2026-09-03T09:00:00,3,9,75,18.2,1.6,44,ORGANIC,100
BIN-112,2026-09-17T04:00:00,3,4,52,7.0,0.0,34,ELECTRONIC,60
BIN-104,2026-09-04T02:00:00,4,2,10,7.3,0.0,8,ELECTRONIC,12
BIN-121,2026-09-18T18:00:00,4,18,62,20.7,2.5,13,RECYCLABLE,79
BIN-125,2026-09-05T15:00:00,5,15,24,20.9,2.5,47,ELECTRONIC,65
BIN-109,2026-09-20T08:00:00,6,8,51,14.8,0.0,23,ELECTRONIC,70
BIN-114,2026-09-12T12:00:00,5,12,26,22.3,0.0,2,ELECTRONIC,28
BIN-105,2026-09-07T12:00:00,0,12,12,23.1,0.0,37,ORGANIC,84
BIN-122,2026-09-12T16:00:00,5,16,26,21.7,0.0,5,ELECTRONIC,29
BIN-118,2026-09-17T23:00:00,3,23,39,8.2,2.6,26,HAZARDOUS,61
BIN-117,2026-09-11T01:00:00,4,1,72,6.3,0.0,46,ELECTRONIC,83
BIN-110,2026-09-16T10:00:00,2,10,20,17.7,1.1,36,GENERAL,60
BIN-109,2026-09-21T02:00:00,0,2,11,7.6,0.0,18,RECYCLABLE,16
BIN-107,2026-09-12T17:00:00,5,17,49,21.2,0.0,1,ORGANIC,49
BIN-118,2026-09-06T23:00:00,6,23,42,8.6,3.7,27,RECYCLABLE,69
BIN-112,2026-09-06T00:00:00,6,0,37,10.0,0.0,12,GENERAL,53
BIN-125,2026-09-13T18:00:00,6,18,53,20.8,0.0,47,ORGANIC,100
BIN-121,2026-09-14T20:00:00,0,20,31,16.3,0.0,36,ELECTRONIC,77
BIN-125,2026-09-09T18:00:00,2,18,34,19.9,0.0,29,RECYCLABLE,74
BIN-105,2026-09-20T13:00:00,6,13,68,21.5,3.9,6,HAZARDOUS,78
BIN-124,2026-09-05T04:00:00,5,4,44,6.7,1.8,2,GENERAL,47
BIN-120,2026-09-05T08:00:00,5,8,14,14.7,0.0,10,ORGANIC,25
BIN-124,2026-09-12T13:00:00,5,13,6,23.1,0.0,47,RECYCLABLE,66
BIN-101,2026-09-03T16:00:00,3,16,10,20.5,0.0,42,ORGANIC,61
BIN-120,2026-09-01T14:00:00,1,14,74,23.9,0.0,7,ORGANIC,91
BIN-123,2026-09-03T03:00:00,3,3,66,8.3,0.0,9,RECYCLABLE,69
BIN-116,2026-09-04T15:00:00,4,15,74,23.5,0.0,4,RECYCLABLE,76
BIN-104,2026-09-01T18:00:00,1,18,74,18.2,0.0,7,ORGANIC,88
BIN-108,2026-09-01T20:00:00,1,20,54,13.6,0.0,28,RECYCLABLE,90
BIN-108,2026-09-20T23:00:00,6,23,19,9.3,0.0,44,HAZARDOUS,55
BIN-110,2026-09-08T22:00:00,1,22,47,9.5,0.0,40,ORGANIC,99
BIN-103,2026-09-20T10:00:00,6,10,24,17.7,0.0,39,ORGANIC,70
BIN-105,2026-09-20T09:00:00,6,9,41,16.5,4.1,40,GENERAL,85
BIN-122,2026-09-09T04:00:00,2,4,14,9.2,0.0,46,GENERAL,31
BIN-105,2026-09-08T03:00:00,1,3,62,8.2,0.0,25,RECYCLABLE,68
BIN-116,2026-09-18T17:00:00,4,17,59,22.5,0.0,8,ORGANIC,73
BIN-106,2026-09-17T16:00:00,3,16,45,21.9,0.0,23,HAZARDOUS,66
BIN-114,2026-09-14T04:00:00,0,4,36,7.6,0.0,9,GENERAL,37
BIN-118,2026-09-18T20:00:00,4,20,15,15.3,0.0,25,RECYCLABLE,47
BIN-119,2026-09-17T21:00:00,3,21,16,11.9,4.5,45,RECYCLABLE,78
BIN-105,2026-09-20T23:00:00,6,23,49,8.8,0.0,4,ORGANIC,54
BIN-125,2026-09-18T19:00:00,4,19,63,15.6,0.0,19,RECYCLABLE,91
BIN-108,2026-09-05T19:00:00,5,19,22,15.5,0.0,4,RECYCLABLE,27
BIN-105,2026-09-09T09:00:00,2,9,59,16.6,0.0,45,ORGANIC,100
BIN-120,2026-09-19T21:00:00,5,21,23,12.4,0.3,2,RECYCLABLE,25
BIN-119,2026-09-19T01:00:00,5,1,28,7.2,2.4,10,HAZARDOUS,33
BIN-124,2026-09-08T12:00:00,1,12,6,21.1,4.0,42,HAZARDOUS,61
BIN-102,2026-09-14T05:00:00,0,5,25,7.4,0.0,33,RECYCLABLE,32
BIN-118,2026-09-16T12:00:00,2,12,69,21.2,0.0,37,GENERAL,100
BIN-106,2026-09-07T03:00:00,0,3,53,9.2,1.0,34,ORGANIC,65
BIN-106,2026-09-18T21:00:00,4,21,14,14.2,0.0,39,ELECTRONIC,64
BIN-111,2026-09-15T06:00:00,1,6,26,9.2,0.0,25,HAZARDOUS,31
BIN-104,2026-09-02T23:00:00,2,23,47,7.5,0.0,39,GENERAL,90
BIN-118,2026-09-03T14:00:00,3,14,6,24.0,0.0,14,ORGANIC,31
BIN-102,2026-09-06T11:00:00,6,11,10,20.9,0.0,6,GENERAL,20
BIN-102,2026-09-02T08:00:00,2,8,44,13.0,0.0,6,GENERAL,50
BIN-107,2026-09-08T01:00:00,1,1,50,9.2,0.0,47,HAZARDOUS,63
BIN-104,2026-09-08T09:00:00,1,9,69,15.5,0.0,48,HAZARDOUS,100
BIN-113,2026-09-11T12:00:00,4,12,42,20.6,0.0,3,ELECTRONIC,48
BIN-103,2026-09-20T05:00:00,6,5,34,10.9,0.0,46,ORGANIC,49
BIN-106,2026-09-21T21:00:00,0,21,71,14.7,0.0,34,ELECTRONIC,100
BIN-105,2026-09-08T13:00:00,1,13,60,20.9,0.0,24,GENERAL,100
BIN-120,2026-09-14T06:00:00,0,6,68,9.4,3.4,10,ORGANIC,72
BIN-110,2026-09-13T00:00:00,6,0,17,7.9,1.3,32,ORGANIC,58
BIN-112,2026-09-03T05:00:00,3,5,63,8.4,0.0,12,ORGANIC,68
BIN-109,2026-09-17T14:00:00,3,14,22,24.8,0.0,42,HAZARDOUS,75
BIN-110,2026-09-09T21:00:00,2,21,21,12.7,0.0,40,HAZARDOUS,73
BIN-120,2026-09-21T15:00:00,0,15,15,23.5,0.0,24,GENERAL,41
BIN-122,2026-09-02T05:00:00,2,5,12,10.3,0.0,42,ELECTRONIC,25
BIN-118,2026-09-01T12:00:00,1,12,42,21.4,0.0,7,RECYCLABLE,52
BIN-115,2026-09-15T14:00:00,1,14,64,22.9,0.0,23,ORGANIC,100
BIN-115,2026-09-03T15:00:00,3,15,18,24.4,0.0,12,ORGANIC,33
BIN-111,2026-09-02T17:00:00,2,17,67,19.5,0.0,22,GENERAL,90
BIN-104,2026-09-07T06:00:00,0,6,74,9.6,0.0,3,HAZARDOUS,74
BIN-102,2026-09-14T03:00:00,0,3,51,8.4,0.0,4,HAZARDOUS,51
BIN-107,2026-09-02T11:00:00,2,11,59,19.7,0.0,2,RECYCLABLE,62
BIN-113,2026-09-03T01:00:00,3,1,62,8.8,0.0,46,GENERAL,77
BIN-122,2026-09-20T09:00:00,6,9,11,15.4,0.0,12,GENERAL,23
BIN-106,2026-09-05T13:00:00,5,13,66,22.6,0.0,27,GENERAL,100
BIN-106,2026-09-21T22:00:00,0,22,54,12.3,0.0,23,HAZARDOUS,73
BIN-124,2026-09-15T13:00:00,1,13,23,22.0,0.0,40,ELECTRONIC,74
BIN-124,2026-09-17T04:00:00,3,4,24,9.7,0.0,1,GENERAL,23
BIN-122,2026-09-10T00:00:00,3,0,5,10.0,0.0,34,GENERAL,42
BIN-105,2026-09-14T20:00:00,0,20,17,13.1,0.0,41,HAZARDOUS,71
BIN-125,2026-09-04T21:00:00,4,21,32,12.3,0.0,25,ELECTRONIC,67
BIN-122,2026-09-13T15:00:00,6,15,51,20.8,0.0,24,ORGANIC,77
BIN-123,2026-09-11T23:00:00,4,23,57,8.8,0.0,27,HAZARDOUS,79
BIN-114,2026-09-12T11:00:00,5,11,27,20.5,0.0,8,GENERAL,40
BIN-114,2026-09-09T11:00:00,2,11,60,21.2,0.0,43,GENERAL,100
BIN-104,2026-09-03T04:00:00,3,4,7,8.5,0.0,6,ORGANIC,7
BIN-118,2026-09-03T11:00:00,3,11,9,21.3,0.0,33,HAZARDOUS,52
BIN-107,2026-09-06T02:00:00,6,2,53,5.5,0.0,36,HAZARDOUS,63
BIN-115,2026-09-10T03:00:00,3,3,52,8.4,0.0,1,HAZARDOUS,52
BIN-109,2026-09-20T02:00:00,6,2,58,7.7,4.1,20,GENERAL,66
BIN-112,2026-09-19T06:00:00,5,6,45,10.3,0.0,48,ELECTRONIC,57
BIN-114,2026-09-06T11:00:00,6,11,29,21.1,0.0,26,ELECTRONIC,66
BIN-114,2026-09-04T01:00:00,4,1,27,6.9,0.0,47,HAZARDOUS,40
BIN-106,2026-09-10T15:00:00,3,15,21,22.7,0.0,7,RECYCLABLE,27
BIN-121,2026-09-20T21:00:00,6,21,25,14.7,0.0,36,GENERAL,84
BIN-103,2026-09-01T21:00:00,1,21,24,11.0,0.0,1,HAZARDOUS,26
BIN-113,2026-09-01T20:00:00,1,20,50,13.7,0.0,30,RECYCLABLE,89
BIN-108,2026-09-07T16:00:00,0,16,36,22.8,0.0,35,RECYCLABLE,64
BIN-102,2026-09-07T04:00:00,0,4,7,8.6,0.0,10,ORGANIC,11
BIN-104,2026-09-03T16:00:00,3,16,20,20.4,0.0,39,HAZARDOUS,52
BIN-116,2026-09-19T08:00:00,5,8,55,13.4,0.0,14,GENERAL,70
BIN-114,2026-09-02T21:00:00,2,21,14,11.8,0.0,41,HAZARDOUS,69
BIN-115,2026-09-18T13:00:00,4,13,43,20.8,2.6,12,RECYCLABLE,58
BIN-120,2026-09-19T13:00:00,5,13,48,24.7,0.0,8,ORGANIC,62
BIN-106,2026-09-12T11:00:00,5,11,29,21.1,0.0,8,GENERAL,42
BIN-117,2026-09-12T06:00:00,5,6,51,9.5,0.0,14,RECYCLABLE,54
BIN-124,2026-09-16T02:00:00,2,2,40,6.9,0.0,18,RECYCLABLE,45
BIN-112,2026-09-16T10:00:00,2,10,42,18.9,0.0,42,ELECTRONIC,73
BIN-107,2026-09-06T16:00:00,6,16,40,23.8,3.6,13,RECYCLABLE,53
BIN-119,2026-09-07T23:00:00,0,23,67,9.1,0.0,14,RECYCLABLE,77
BIN-111,2026-09-14T14:00:00,0,14,54,22.7,0.0,39,ORGANIC,100
BIN-112,2026-09-20T11:00:00,6,11,26,22.2,0.0,29,ORGANIC,82
BIN-120,2026-09-18T23:00:00,4,23,55,7.5,1.5,23,ELECTRONIC,76
BIN-106,2026-09-08T23:00:00,1,23,32,10.0,0.0,5,RECYCLABLE,36
BIN-111,2026-09-16T00:00:00,2,0,47,6.9,0.0,46,ORGANIC,100
BIN-111,2026-09-20T12:00:00,6,12,13,21.5,0.0,36,RECYCLABLE,59
BIN-109,2026-09-16T14:00:00,2,14,14,23.3,0.0,43,ELECTRONIC,70
BIN-122,2026-09-17T11:00:00,3,11,45,19.4,2.2,21,HAZARDOUS,74
BIN-104,2026-09-03T23:00:00,3,23,46,9.7,0.0,11,HAZARDOUS,55
BIN-101,2026-09-07T09:00:00,0,9,5,18.7,0.0,42,ORGANIC,57
BIN-118,2026-09-20T22:00:00,6,22,48,11.6,0.4,3,ELECTRONIC,49
BIN-114,2026-09-16T18:00:00,2,18,45,20.0,0.0,18,GENERAL,75
BIN-120,2026-09-02T08:00:00,2,8,63,15.0,0.0,20,HAZARDOUS,79
BIN-104,2026-09-19T07:00:00,5,7,18,11.0,0.0,40,GENERAL,62
BIN-123,2026-09-16T18:00:00,2,18,26,17.4,0.0,15,HAZARDOUS,46
BIN-112,2026-09-18T17:00:00,4,17,11,19.7,0.0,1,ELECTRONIC,15
BIN-103,2026-09-06T23:00:00,6,23,53,8.4,0.6,45,GENERAL,100
BIN-115,2026-09-03T21:00:00,3,21,23,13.9,0.0,21,RECYCLABLE,52
BIN-115,2026-09-15T14:00:00,1,14,72,22.0,0.0,34,ORGANIC,100
BIN-116,2026-09-22T03:00:00,1,3,66,6.2,0.0,21,GENERAL,73
BIN-118,2026-09-19T03:00:00,5,3,31,8.1,2.2,43,RECYCLABLE,43
BIN-107,2026-09-01T14:00:00,1,14,54,21.8,0.9,30,RECYCLABLE,92
BIN-111,2026-09-17T13:00:00,3,13,63,23.3,0.0,46,GENERAL,100
BIN-104,2026-09-20T20:00:00,6,20,51,14.5,0.0,15,RECYCLABLE,70
BIN-113,2026-09-05T08:00:00,5,8,59,13.7,0.0,18,ORGANIC,80
BIN-119,2026-09-15T03:00:00,1,3,64,8.8,0.0,10,ORGANIC,68
BIN-106,2026-09-07T00:00:00,0,0,72,7.9,0.0,31,ORGANIC,100
BIN-118,2026-09-03T03:00:00,3,3,32,5.9,0.0,28,GENERAL,41
BIN-109,2026-09-09T05:00:00,2,5,53,10.3,0.0,4,ORGANIC,54
BIN-110,2026-09-05T08:00:00,5,8,40,15.1,0.0,12,HAZARDOUS,48
BIN-121,2026-09-06T15:00:00,6,15,19,20.9,1.2,15,ORGANIC,39
BIN-103,2026-09-12T16:00:00,5,16,33,23.5,0.0,18,ORGANIC,54
BIN-108,2026-09-16T23:00:00,2,23,31,8.0,0.0,32,GENERAL,66
BIN-121,2026-09-07T11:00:00,0,11,5,19.0,0.0,19,ELECTRONIC,29
BIN-110,2026-09-19T12:00:00,5,12,45,22.7,1.5,11,RECYCLABLE,58
BIN-115,2026-09-04T08:00:00,4,8,65,14.7,4.4,43,ORGANIC,100
BIN-125,2026-09-19T12:00:00,5,12,50,23.8,0.0,39,ORGANIC,100
BIN-116,2026-09-19T23:00:00,5,23,19,7.5,3.1,31,RECYCLABLE,45
BIN-117,2026-09-04T21:00:00,4,21,17,12.1,0.0,7,RECYCLABLE,27
BIN-115,2026-09-11T19:00:00,4,19,37,17.7,0.0,35,GENERAL,95
BIN-110,2026-09-16T11:00:00,2,11,66,19.1,0.0,34,GENERAL,100
BIN-124,2026-09-14T23:00:00,0,23,57,10.8,0.0,10,ORGANIC,70
BIN-108,2026-09-13T15:00:00,6,15,31,23.7,4.3,24,HAZARDOUS,54
BIN-121,2026-09-03T15:00:00,3,15,74,24.3,0.0,41,GENERAL,100
BIN-109,2026-09-20T18:00:00,6,18,55,19.4,0.0,22,GENERAL,93
BIN-109,2026-09-07T22:00:00,0,22,71,11.8,0.0,3,RECYCLABLE,75
BIN-119,2026-09-21T23:00:00,0,23,19,11.2,0.0,19,GENERAL,41
BIN-122,2026-09-04T11:00:00,4,11,24,20.7,0.0,44,HAZARDOUS,80
BIN-116,2026-09-07T11:00:00,0,11,6,20.5,0.0,19,ORGANIC,43
BIN-119,2026-09-03T23:00:00,3,23,44,7.4,0.0,32,ORGANIC,83
BIN-105,2026-09-08T19:00:00,1,19,24,18.9,0.0,33,GENERAL,81
BIN-105,2026-09-16T23:00:00,2,23,15,8.5,4.2,28,RECYCLABLE,39
BIN-113,2026-09-10T08:00:00,3,8,38,16.7,0.0,7,HAZARDOUS,46
BIN-106,2026-09-13T08:00:00,6,8,46,16.2,3.5,44,HAZARDOUS,83
BIN-107,2026-09-07T18:00:00,0,18,43,19.3,0.0,6,GENERAL,55
BIN-118,2026-09-05T05:00:00,5,5,17,7.9,0.0,28,HAZARDOUS,22
BIN-123,2026-09-08T23:00:00,1,23,59,9.2,0.0,23,HAZARDOUS,81
BIN-115,2026-09-01T22:00:00,1,22,58,9.4,4.1,2,ELECTRONIC,62
BIN-112,2026-09-04T01:00:00,4,1,42,5.5,0.0,35,ELECTRONIC,49
BIN-105,2026-09-09T22:00:00,2,22,71,10.8,0.2,30,ORGANIC,100
BIN-111,2026-09-14T00:00:00,0,0,66,8.8,0.0,19,ORGANIC,87
BIN-104,2026-09-17T03:00:00,3,3,70,8.2,0.9,44,ELECTRONIC,83
BIN-116,2026-09-04T05:00:00,4,5,24,8.5,0.0,44,RECYCLABLE,37
BIN-101,2026-09-18T12:00:00,4,12,30,20.4,2.7,40,HAZARDOUS,83
BIN-107,2026-09-03T13:00:00,3,13,69,22.5,0.5,2,HAZARDOUS,72
BIN-113,2026-09-11T15:00:00,4,15,74,21.8,0.0,16,RECYCLABLE,85
BIN-104,2026-09-10T13:00:00,3,13,7,21.5,0.0,41,RECYCLABLE,61
BIN-122,2026-09-06T11:00:00,6,11,74,19.5,0.0,33,RECYCLABLE,100
BIN-119,2026-09-11T20:00:00,4,20,40,14.6,0.0,43,GENERAL,100
BIN-104,2026-09-11T05:00:00,4,5,23,7.5,0.0,28,HAZARDOUS,30
BIN-110,2026-09-02T01:00:00,2,1,10,8.9,0.0,29,ELECTRONIC,17
BIN-105,2026-09-11T07:00:00,4,7,6,14.9,0.0,18,HAZARDOUS,22
BIN-112,2026-09-20T14:00:00,6,14,70,21.3,0.0,25,ELECTRONIC,100
BIN-112,2026-09-15T07:00:00,1,7,63,13.8,0.0,22,ELECTRONIC,80
BIN-110,2026-09-21T00:00:00,0,0,66,7.6,0.0,5,HAZARDOUS,73
BIN-122,2026-09-05T04:00:00,5,4,69,9.2,0.0,46,ELECTRONIC,81
BIN-119,2026-09-08T18:00:00,1,18,56,17.3,3.3,40,ELECTRONIC,100
BIN-108,2026-09-03T09:00:00,3,9,65,16.4,0.0,32,ORGANIC,100
BIN-108,2026-09-03T13:00:00,3,13,54,23.8,0.0,47,RECYCLABLE,100
BIN-103,2026-09-02T15:00:00,2,15,19,20.9,0.0,17,ELECTRONIC,31
BIN-121,2026-09-19T06:00:00,5,6,46,9.4,0.0,12,ORGANIC,51
BIN-105,2026-09-14T22:00:00,0,22,30,9.8,0.0,36,ELECTRONIC,59
BIN-124,2026-09-04T18:00:00,4,18,29,17.3,4.3,34,HAZARDOUS,74
BIN-104,2026-09-05T16:00:00,5,16,5,21.4,0.0,9,ORGANIC,15
BIN-106,2026-09-15T21:00:00,1,21,29,14.3,0.0,32,ELECTRONIC,70
BIN-116,2026-09-12T00:00:00,5,0,22,9.3,0.0,23,GENERAL,45
BIN-119,2026-09-03T00:00:00,3,0,43,6.5,0.0,34,RECYCLABLE,68
BIN-102,2026-09-14T03:00:00,0,3,7,6.2,0.0,22,ELECTRONIC,13
BIN-123,2026-09-08T23:00:00,1,23,41,7.6,0.0,11,ORGANIC,54
BIN-117,2026-09-21T05:00:00,0,5,44,8.9,3.1,33,ELECTRONIC,55
BIN-109,2026-09-15T06:00:00,1,6,48,10.7,0.0,3,ORGANIC,50
BIN-125,2026-09-02T14:00:00,2,14,75,24.3,0.0,14,RECYCLABLE,93
BIN-102,2026-09-06T08:00:00,6,8,9,14.4,1.9,5,HAZARDOUS,11
BIN-124,2026-09-14T09:00:00,0,9,66,18.9,0.0,36,ORGANIC,100
BIN-117,2026-09-06T03:00:00,6,3,66,6.5,0.0,28,GENERAL,75
BIN-108,2026-09-01T18:00:00,1,18,30,19.1,0.0,2,ORGANIC,33
BIN-118,2026-09-11T14:00:00,4,14,53,23.8,0.0,25,ORGANIC,99
BIN-114,2026-09-13T01:00:00,6,1,61,5.7,0.0,8,RECYCLABLE,64
BIN-111,2026-09-10T15:00:00,3,15,34,21.1,1.9,16,ORGANIC,53
BIN-125,2026-09-20T06:00:00,6,6,10,13.0,3.2,37,ELECTRONIC,21
BIN-105,2026-09-10T16:00:00,3,16,10,21.2,0.0,19,RECYCLABLE,25
BIN-108,2026-09-07T13:00:00,0,13,55,22.6,0.3,39,RECYCLABLE,100
BIN-116,2026-09-16T09:00:00,2,9,61,17.9,0.0,15,GENERAL,79
BIN-125,2026-09-13T02:00:00,6,2,36,7.1,0.0,42,GENERAL,49
BIN-102,2026-09-08T17:00:00,1,17,67,19.8,0.0,46,HAZARDOUS,100
